station_id,day_of_week,hour,boardings,alightings
OL-1,Monday,0,5,5
OL-1,Monday,1,5,4
OL-1,Monday,2,5,4
OL-1,Monday,3,5,5
OL-1,Monday,4,6,5
OL-1,Monday,5,12,12
OL-1,Monday,6,41,41
OL-1,Monday,7,106,144
OL-1,Monday,8,148,186
OL-1,Monday,9,106,130
OL-1,Monday,10,41,37
OL-1,Monday,11,12,10
OL-1,Monday,12,6,6
OL-1,Monday,13,7,6
OL-1,Monday,14,15,13
OL-1,Monday,15,41,37
OL-1,Monday,16,92,56
OL-1,Monday,17,141,118
OL-1,Monday,18,141,97
OL-1,Monday,19,92,82
OL-1,Monday,20,41,36
OL-1,Monday,21,15,15
OL-1,Monday,22,7,6
OL-1,Monday,23,6,5
OL-2,Monday,0,12,13
OL-2,Monday,1,12,13
OL-2,Monday,2,12,10
OL-2,Monday,3,12,10
OL-2,Monday,4,14,14
OL-2,Monday,5,26,24
OL-2,Monday,6,89,95
OL-2,Monday,7,231,299
OL-2,Monday,8,321,414
OL-2,Monday,9,231,321
OL-2,Monday,10,89,94
OL-2,Monday,11,26,22
OL-2,Monday,12,14,12
OL-2,Monday,13,16,16
OL-2,Monday,14,33,32
OL-2,Monday,15,89,82
OL-2,Monday,16,200,139
OL-2,Monday,17,304,247
OL-2,Monday,18,304,255
OL-2,Monday,19,200,149
OL-2,Monday,20,89,85
OL-2,Monday,21,33,30
OL-2,Monday,22,16,16
OL-2,Monday,23,13,12
OL-3,Monday,0,19,20
OL-3,Monday,1,19,16
OL-3,Monday,2,19,16
OL-3,Monday,3,19,17
OL-3,Monday,4,20,22
OL-3,Monday,5,39,40
OL-3,Monday,6,133,119
OL-3,Monday,7,342,482
OL-3,Monday,8,476,601
OL-3,Monday,9,342,433
OL-3,Monday,10,133,150
OL-3,Monday,11,39,33
OL-3,Monday,12,20,18
OL-3,Monday,13,24,24
OL-3,Monday,14,49,44
OL-3,Monday,15,133,140
OL-3,Monday,16,296,184
OL-3,Monday,17,451,263
OL-3,Monday,18,451,280
OL-3,Monday,19,296,206
OL-3,Monday,20,133,120
OL-3,Monday,21,49,43
OL-3,Monday,22,24,26
OL-3,Monday,23,19,17
OL-4,Monday,0,25,21
OL-4,Monday,1,25,23
OL-4,Monday,2,25,23
OL-4,Monday,3,26,26
OL-4,Monday,4,28,25
OL-4,Monday,5,53,59
OL-4,Monday,6,181,204
OL-4,Monday,7,465,527
OL-4,Monday,8,648,737
OL-4,Monday,9,465,530
OL-4,Monday,10,181,187
OL-4,Monday,11,53,46
OL-4,Monday,12,28,30
OL-4,Monday,13,32,34
OL-4,Monday,14,66,72
OL-4,Monday,15,181,182
OL-4,Monday,16,403,362
OL-4,Monday,17,614,347
OL-4,Monday,18,614,423
OL-4,Monday,19,403,267
OL-4,Monday,20,181,205
OL-4,Monday,21,66,67
OL-4,Monday,22,32,34
OL-4,Monday,23,26,23
OL-5,Monday,0,113,112
OL-5,Monday,1,113,112
OL-5,Monday,2,113,128
OL-5,Monday,3,114,109
OL-5,Monday,4,124,120
OL-5,Monday,5,233,238
OL-5,Monday,6,793,704
OL-5,Monday,7,2041,2474
OL-5,Monday,8,2841,3317
OL-5,Monday,9,2041,2318
OL-5,Monday,10,793,880
OL-5,Monday,11,233,239
OL-5,Monday,12,124,118
OL-5,Monday,13,143,139
OL-5,Monday,14,292,286
OL-5,Monday,15,793,824
OL-5,Monday,16,1767,1545
OL-5,Monday,17,2693,2360
OL-5,Monday,18,2693,1850
OL-5,Monday,19,1767,1175
OL-5,Monday,20,793,781
OL-5,Monday,21,292,297
OL-5,Monday,22,143,141
OL-5,Monday,23,116,121
OL-6,Monday,0,28,26
OL-6,Monday,1,28,26
OL-6,Monday,2,28,26
OL-6,Monday,3,28,24
OL-6,Monday,4,31,27
OL-6,Monday,5,59,62
OL-6,Monday,6,201,194
OL-6,Monday,7,517,607
OL-6,Monday,8,720,933
OL-6,Monday,9,517,705
OL-6,Monday,10,201,186
OL-6,Monday,11,59,64
OL-6,Monday,12,31,34
OL-6,Monday,13,36,37
OL-6,Monday,14,74,77
OL-6,Monday,15,201,174
OL-6,Monday,16,448,394
OL-6,Monday,17,682,468
OL-6,Monday,18,682,595
OL-6,Monday,19,448,337
OL-6,Monday,20,201,171
OL-6,Monday,21,74,63
OL-6,Monday,22,36,37
OL-6,Monday,23,29,29
OL-7,Monday,0,17,18
OL-7,Monday,1,17,18
OL-7,Monday,2,17,16
OL-7,Monday,3,17,16
OL-7,Monday,4,19,16
OL-7,Monday,5,36,39
OL-7,Monday,6,122,115
OL-7,Monday,7,315,443
OL-7,Monday,8,439,540
OL-7,Monday,9,315,408
OL-7,Monday,10,122,113
OL-7,Monday,11,36,32
OL-7,Monday,12,19,20
OL-7,Monday,13,22,21
OL-7,Monday,14,45,45
OL-7,Monday,15,122,139
OL-7,Monday,16,273,242
OL-7,Monday,17,417,354
OL-7,Monday,18,417,256
OL-7,Monday,19,273,206
OL-7,Monday,20,122,135
OL-7,Monday,21,45,43
OL-7,Monday,22,22,19
OL-7,Monday,23,18,19
OL-8,Monday,0,12,12
OL-8,Monday,1,12,13
OL-8,Monday,2,12,12
OL-8,Monday,3,12,11
OL-8,Monday,4,13,12
OL-8,Monday,5,25,24
OL-8,Monday,6,85,75
OL-8,Monday,7,220,303
OL-8,Monday,8,307,427
OL-8,Monday,9,220,263
OL-8,Monday,10,85,79
OL-8,Monday,11,25,27
OL-8,Monday,12,13,11
OL-8,Monday,13,15,15
OL-8,Monday,14,31,30
OL-8,Monday,15,85,89
OL-8,Monday,16,191,115
OL-8,Monday,17,291,228
OL-8,Monday,18,291,198
OL-8,Monday,19,191,146
OL-8,Monday,20,85,73
OL-8,Monday,21,31,30
OL-8,Monday,22,15,15
OL-8,Monday,23,12,10
OL-9,Monday,0,4,3
OL-9,Monday,1,4,3
OL-9,Monday,2,4,3
OL-9,Monday,3,4,4
OL-9,Monday,4,5,4
OL-9,Monday,5,10,10
OL-9,Monday,6,34,38
OL-9,Monday,7,88,99
OL-9,Monday,8,122,162
OL-9,Monday,9,88,123
OL-9,Monday,10,34,35
OL-9,Monday,11,10,9
OL-9,Monday,12,5,4
OL-9,Monday,13,6,5
OL-9,Monday,14,12,12
OL-9,Monday,15,34,39
OL-9,Monday,16,76,67
OL-9,Monday,17,116,65
OL-9,Monday,18,116,92
OL-9,Monday,19,76,49
OL-9,Monday,20,34,38
OL-9,Monday,21,12,10
OL-9,Monday,22,6,6
OL-9,Monday,23,5,5
BL-1,Monday,0,5,4
BL-1,Monday,1,5,5
BL-1,Monday,2,5,4
BL-1,Monday,3,5,5
BL-1,Monday,4,6,6
BL-1,Monday,5,12,12
BL-1,Monday,6,40,38
BL-1,Monday,7,105,131
BL-1,Monday,8,146,163
BL-1,Monday,9,105,151
BL-1,Monday,10,40,37
BL-1,Monday,11,12,10
BL-1,Monday,12,6,5
BL-1,Monday,13,7,7
BL-1,Monday,14,15,13
BL-1,Monday,15,40,44
BL-1,Monday,16,90,71
BL-1,Monday,17,138,115
BL-1,Monday,18,138,123
BL-1,Monday,19,90,76
BL-1,Monday,20,40,45
BL-1,Monday,21,15,13
BL-1,Monday,22,7,7
BL-1,Monday,23,6,6
BL-2,Monday,0,13,14
BL-2,Monday,1,13,14
BL-2,Monday,2,13,13
BL-2,Monday,3,13,12
BL-2,Monday,4,14,13
BL-2,Monday,5,26,25
BL-2,Monday,6,90,86
BL-2,Monday,7,233,288
BL-2,Monday,8,325,367
BL-2,Monday,9,233,262
BL-2,Monday,10,90,97
BL-2,Monday,11,26,25
BL-2,Monday,12,14,15
BL-2,Monday,13,16,16
BL-2,Monday,14,33,28
BL-2,Monday,15,90,80
BL-2,Monday,16,202,125
BL-2,Monday,17,308,274
BL-2,Monday,18,308,192
BL-2,Monday,19,202,147
BL-2,Monday,20,90,101
BL-2,Monday,21,33,37
BL-2,Monday,22,16,14
BL-2,Monday,23,13,11
BL-3,Monday,0,18,15
BL-3,Monday,1,18,16
BL-3,Monday,2,18,18
BL-3,Monday,3,18,20
BL-3,Monday,4,20,20
BL-3,Monday,5,38,39
BL-3,Monday,6,130,118
BL-3,Monday,7,335,462
BL-3,Monday,8,467,614
BL-3,Monday,9,335,469
BL-3,Monday,10,130,147
BL-3,Monday,11,38,36
BL-3,Monday,12,20,17
BL-3,Monday,13,23,21
BL-3,Monday,14,48,47
BL-3,Monday,15,130,147
BL-3,Monday,16,290,197
BL-3,Monday,17,443,363
BL-3,Monday,18,443,327
BL-3,Monday,19,290,178
BL-3,Monday,20,130,123
BL-3,Monday,21,48,50
BL-3,Monday,22,23,24
BL-3,Monday,23,19,18
BL-4,Monday,0,27,28
BL-4,Monday,1,27,24
BL-4,Monday,2,27,30
BL-4,Monday,3,27,24
BL-4,Monday,4,29,25
BL-4,Monday,5,55,54
BL-4,Monday,6,189,190
BL-4,Monday,7,486,621
BL-4,Monday,8,677,848
BL-4,Monday,9,486,703
BL-4,Monday,10,189,188
BL-4,Monday,11,55,54
BL-4,Monday,12,29,28
BL-4,Monday,13,34,29
BL-4,Monday,14,69,70
BL-4,Monday,15,189,173
BL-4,Monday,16,421,325
BL-4,Monday,17,641,363
BL-4,Monday,18,641,572
BL-4,Monday,19,421,300
BL-4,Monday,20,189,211
BL-4,Monday,21,69,68
BL-4,Monday,22,34,29
BL-4,Monday,23,27,29
BL-5,Monday,0,122,132
BL-5,Monday,1,122,119
BL-5,Monday,2,122,127
BL-5,Monday,3,122,135
BL-5,Monday,4,133,138
BL-5,Monday,5,251,239
BL-5,Monday,6,853,894
BL-5,Monday,7,2195,2930
BL-5,Monday,8,3055,4387
BL-5,Monday,9,2195,2699
BL-5,Monday,10,853,833
BL-5,Monday,11,251,274
BL-5,Monday,12,133,133
BL-5,Monday,13,154,164
BL-5,Monday,14,315,311
BL-5,Monday,15,853,780
BL-5,Monday,16,1901,1541
BL-5,Monday,17,2897,1726
BL-5,Monday,18,2897,1794
BL-5,Monday,19,1901,1462
BL-5,Monday,20,853,916
BL-5,Monday,21,315,352
BL-5,Monday,22,154,143
BL-5,Monday,23,125,110
BL-6,Monday,0,28,25
BL-6,Monday,1,28,25
BL-6,Monday,2,28,26
BL-6,Monday,3,28,28
BL-6,Monday,4,31,34
BL-6,Monday,5,58,62
BL-6,Monday,6,199,211
BL-6,Monday,7,513,595
BL-6,Monday,8,714,874
BL-6,Monday,9,513,650
BL-6,Monday,10,199,177
BL-6,Monday,11,58,54
BL-6,Monday,12,31,29
BL-6,Monday,13,36,31
BL-6,Monday,14,73,74
BL-6,Monday,15,199,211
BL-6,Monday,16,444,255
BL-6,Monday,17,677,486
BL-6,Monday,18,677,557
BL-6,Monday,19,444,360
BL-6,Monday,20,199,217
BL-6,Monday,21,73,71
BL-6,Monday,22,36,39
BL-6,Monday,23,29,26
BL-7,Monday,0,17,15
BL-7,Monday,1,17,16
BL-7,Monday,2,17,16
BL-7,Monday,3,17,15
BL-7,Monday,4,19,20
BL-7,Monday,5,36,33
BL-7,Monday,6,123,114
BL-7,Monday,7,316,362
BL-7,Monday,8,440,551
BL-7,Monday,9,316,381
BL-7,Monday,10,123,118
BL-7,Monday,11,36,33
BL-7,Monday,12,19,20
BL-7,Monday,13,22,24
BL-7,Monday,14,45,44
BL-7,Monday,15,123,128
BL-7,Monday,16,274,233
BL-7,Monday,17,417,375
BL-7,Monday,18,417,318
BL-7,Monday,19,274,236
BL-7,Monday,20,123,138
BL-7,Monday,21,45,48
BL-7,Monday,22,22,21
BL-7,Monday,23,18,15
BL-8,Monday,0,9,8
BL-8,Monday,1,9,8
BL-8,Monday,2,9,8
BL-8,Monday,3,9,9
BL-8,Monday,4,10,10
BL-8,Monday,5,19,20
BL-8,Monday,6,66,58
BL-8,Monday,7,170,200
BL-8,Monday,8,237,326
BL-8,Monday,9,170,237
BL-8,Monday,10,66,75
BL-8,Monday,11,19,21
BL-8,Monday,12,10,11
BL-8,Monday,13,12,11
BL-8,Monday,14,24,23
BL-8,Monday,15,66,61
BL-8,Monday,16,147,112
BL-8,Monday,17,224,196
BL-8,Monday,18,224,150
BL-8,Monday,19,147,109
BL-8,Monday,20,66,61
BL-8,Monday,21,24,21
BL-8,Monday,22,12,10
BL-8,Monday,23,9,7
BL-9,Monday,0,5,4
BL-9,Monday,1,5,5
BL-9,Monday,2,5,5
BL-9,Monday,3,5,4
BL-9,Monday,4,5,4
BL-9,Monday,5,10,10
BL-9,Monday,6,37,34
BL-9,Monday,7,96,136
BL-9,Monday,8,133,152
BL-9,Monday,9,96,128
BL-9,Monday,10,37,40
BL-9,Monday,11,10,9
BL-9,Monday,12,5,4
BL-9,Monday,13,6,6
BL-9,Monday,14,13,12
BL-9,Monday,15,37,36
BL-9,Monday,16,83,58
BL-9,Monday,17,126,80
BL-9,Monday,18,126,103
BL-9,Monday,19,83,68
BL-9,Monday,20,37,35
BL-9,Monday,21,13,14
BL-9,Monday,22,6,5
BL-9,Monday,23,5,4
OL-1,Tuesday,0,6,6
OL-1,Tuesday,1,6,5
OL-1,Tuesday,2,6,5
OL-1,Tuesday,3,6,6
OL-1,Tuesday,4,6,6
OL-1,Tuesday,5,12,10
OL-1,Tuesday,6,41,39
OL-1,Tuesday,7,107,145
OL-1,Tuesday,8,150,184
OL-1,Tuesday,9,107,124
OL-1,Tuesday,10,41,37
OL-1,Tuesday,11,12,11
OL-1,Tuesday,12,6,5
OL-1,Tuesday,13,7,7
OL-1,Tuesday,14,15,15
OL-1,Tuesday,15,41,43
OL-1,Tuesday,16,93,83
OL-1,Tuesday,17,142,98
OL-1,Tuesday,18,142,98
OL-1,Tuesday,19,93,81
OL-1,Tuesday,20,41,37
OL-1,Tuesday,21,15,16
OL-1,Tuesday,22,7,7
OL-1,Tuesday,23,6,5
OL-2,Tuesday,0,11,10
OL-2,Tuesday,1,11,9
OL-2,Tuesday,2,11,10
OL-2,Tuesday,3,11,10
OL-2,Tuesday,4,12,13
OL-2,Tuesday,5,24,26
OL-2,Tuesday,6,81,88
OL-2,Tuesday,7,210,250
OL-2,Tuesday,8,292,349
OL-2,Tuesday,9,210,249
OL-2,Tuesday,10,81,72
OL-2,Tuesday,11,24,27
OL-2,Tuesday,12,12,11
OL-2,Tuesday,13,14,12
OL-2,Tuesday,14,30,33
OL-2,Tuesday,15,81,78
OL-2,Tuesday,16,182,102
OL-2,Tuesday,17,277,168
OL-2,Tuesday,18,277,214
OL-2,Tuesday,19,182,149
OL-2,Tuesday,20,81,73
OL-2,Tuesday,21,30,33
OL-2,Tuesday,22,14,15
OL-2,Tuesday,23,12,13
OL-3,Tuesday,0,17,14
OL-3,Tuesday,1,17,18
OL-3,Tuesday,2,17,16
OL-3,Tuesday,3,17,17
OL-3,Tuesday,4,19,20
OL-3,Tuesday,5,36,31
OL-3,Tuesday,6,122,132
OL-3,Tuesday,7,315,449
OL-3,Tuesday,8,438,593
OL-3,Tuesday,9,315,395
OL-3,Tuesday,10,122,135
OL-3,Tuesday,11,36,36
OL-3,Tuesday,12,19,20
OL-3,Tuesday,13,22,24
OL-3,Tuesday,14,45,48
OL-3,Tuesday,15,122,114
OL-3,Tuesday,16,273,161
OL-3,Tuesday,17,415,262
OL-3,Tuesday,18,415,301
OL-3,Tuesday,19,273,198
OL-3,Tuesday,20,122,125
OL-3,Tuesday,21,45,43
OL-3,Tuesday,22,22,23
OL-3,Tuesday,23,18,20
OL-4,Tuesday,0,25,26
OL-4,Tuesday,1,25,26
OL-4,Tuesday,2,25,25
OL-4,Tuesday,3,25,22
OL-4,Tuesday,4,27,29
OL-4,Tuesday,5,51,58
OL-4,Tuesday,6,175,186
OL-4,Tuesday,7,452,642
OL-4,Tuesday,8,629,908
OL-4,Tuesday,9,452,552
OL-4,Tuesday,10,175,182
OL-4,Tuesday,11,51,50
OL-4,Tuesday,12,27,30
OL-4,Tuesday,13,31,27
OL-4,Tuesday,14,64,62
OL-4,Tuesday,15,175,194
OL-4,Tuesday,16,391,253
OL-4,Tuesday,17,597,492
OL-4,Tuesday,18,597,408
OL-4,Tuesday,19,391,349
OL-4,Tuesday,20,175,195
OL-4,Tuesday,21,64,60
OL-4,Tuesday,22,31,33
OL-4,Tuesday,23,25,23
OL-5,Tuesday,0,104,108
OL-5,Tuesday,1,104,114
OL-5,Tuesday,2,104,89
OL-5,Tuesday,3,104,95
OL-5,Tuesday,4,114,121
OL-5,Tuesday,5,214,218
OL-5,Tuesday,6,730,729
OL-5,Tuesday,7,1877,2100
OL-5,Tuesday,8,2613,3192
OL-5,Tuesday,9,1877,2633
OL-5,Tuesday,10,730,627
OL-5,Tuesday,11,214,207
OL-5,Tuesday,12,114,129
OL-5,Tuesday,13,132,114
OL-5,Tuesday,14,269,289
OL-5,Tuesday,15,730,676
OL-5,Tuesday,16,1626,1387
OL-5,Tuesday,17,2477,2009
OL-5,Tuesday,18,2477,2130
OL-5,Tuesday,19,1626,1017
OL-5,Tuesday,20,730,736
OL-5,Tuesday,21,269,291
OL-5,Tuesday,22,132,121
OL-5,Tuesday,23,107,98
OL-6,Tuesday,0,25,28
OL-6,Tuesday,1,25,26
OL-6,Tuesday,2,25,26
OL-6,Tuesday,3,25,26
OL-6,Tuesday,4,27,27
OL-6,Tuesday,5,51,50
OL-6,Tuesday,6,176,173
OL-6,Tuesday,7,452,598
OL-6,Tuesday,8,630,737
OL-6,Tuesday,9,452,637
OL-6,Tuesday,10,176,192
OL-6,Tuesday,11,51,48
OL-6,Tuesday,12,27,27
OL-6,Tuesday,13,31,27
OL-6,Tuesday,14,64,73
OL-6,Tuesday,15,176,197
OL-6,Tuesday,16,392,342
OL-6,Tuesday,17,597,397
OL-6,Tuesday,18,597,363
OL-6,Tuesday,19,392,244
OL-6,Tuesday,20,176,154
OL-6,Tuesday,21,64,56
OL-6,Tuesday,22,31,27
OL-6,Tuesday,23,25,28
OL-7,Tuesday,0,17,15
OL-7,Tuesday,1,17,18
OL-7,Tuesday,2,17,17
OL-7,Tuesday,3,17,18
OL-7,Tuesday,4,19,19
OL-7,Tuesday,5,36,40
OL-7,Tuesday,6,124,129
OL-7,Tuesday,7,320,410
OL-7,Tuesday,8,445,600
OL-7,Tuesday,9,320,402
OL-7,Tuesday,10,124,118
OL-7,Tuesday,11,36,35
OL-7,Tuesday,12,19,17
OL-7,Tuesday,13,22,23
OL-7,Tuesday,14,45,41
OL-7,Tuesday,15,124,111
OL-7,Tuesday,16,277,176
OL-7,Tuesday,17,422,356
OL-7,Tuesday,18,422,280
OL-7,Tuesday,19,277,218
OL-7,Tuesday,20,124,137
OL-7,Tuesday,21,45,39
OL-7,Tuesday,22,22,23
OL-7,Tuesday,23,18,16
OL-8,Tuesday,0,11,11
OL-8,Tuesday,1,11,12
OL-8,Tuesday,2,11,10
OL-8,Tuesday,3,11,11
OL-8,Tuesday,4,12,11
OL-8,Tuesday,5,23,23
OL-8,Tuesday,6,80,82
OL-8,Tuesday,7,206,270
OL-8,Tuesday,8,287,378
OL-8,Tuesday,9,206,236
OL-8,Tuesday,10,80,84
OL-8,Tuesday,11,23,24
OL-8,Tuesday,12,12,12
OL-8,Tuesday,13,14,12
OL-8,Tuesday,14,29,28
OL-8,Tuesday,15,80,77
OL-8,Tuesday,16,178,103
OL-8,Tuesday,17,272,170
OL-8,Tuesday,18,272,191
OL-8,Tuesday,19,178,144
OL-8,Tuesday,20,80,73
OL-8,Tuesday,21,29,31
OL-8,Tuesday,22,14,14
OL-8,Tuesday,23,11,11
OL-9,Tuesday,0,5,4
OL-9,Tuesday,1,5,5
OL-9,Tuesday,2,5,5
OL-9,Tuesday,3,5,4
OL-9,Tuesday,4,5,5
OL-9,Tuesday,5,10,10
OL-9,Tuesday,6,37,39
OL-9,Tuesday,7,95,106
OL-9,Tuesday,8,133,170
OL-9,Tuesday,9,95,120
OL-9,Tuesday,10,37,41
OL-9,Tuesday,11,10,9
OL-9,Tuesday,12,5,4
OL-9,Tuesday,13,6,6
OL-9,Tuesday,14,13,12
OL-9,Tuesday,15,37,33
OL-9,Tuesday,16,82,51
OL-9,Tuesday,17,126,73
OL-9,Tuesday,18,126,69
OL-9,Tuesday,19,82,57
OL-9,Tuesday,20,37,39
OL-9,Tuesday,21,13,13
OL-9,Tuesday,22,6,5
OL-9,Tuesday,23,5,5
BL-1,Tuesday,0,5,5
BL-1,Tuesday,1,5,4
BL-1,Tuesday,2,5,5
BL-1,Tuesday,3,5,4
BL-1,Tuesday,4,6,6
BL-1,Tuesday,5,12,11
BL-1,Tuesday,6,41,44
BL-1,Tuesday,7,106,125
BL-1,Tuesday,8,147,208
BL-1,Tuesday,9,106,135
BL-1,Tuesday,10,41,44
BL-1,Tuesday,11,12,13
BL-1,Tuesday,12,6,6
BL-1,Tuesday,13,7,6
BL-1,Tuesday,14,15,14
BL-1,Tuesday,15,41,37
BL-1,Tuesday,16,91,58
BL-1,Tuesday,17,139,104
BL-1,Tuesday,18,139,124
BL-1,Tuesday,19,91,81
BL-1,Tuesday,20,41,41
BL-1,Tuesday,21,15,15
BL-1,Tuesday,22,7,7
BL-1,Tuesday,23,6,6
BL-2,Tuesday,0,11,11
BL-2,Tuesday,1,11,12
BL-2,Tuesday,2,11,10
BL-2,Tuesday,3,12,11
BL-2,Tuesday,4,13,14
BL-2,Tuesday,5,24,27
BL-2,Tuesday,6,83,93
BL-2,Tuesday,7,214,295
BL-2,Tuesday,8,299,357
BL-2,Tuesday,9,214,259
BL-2,Tuesday,10,83,84
BL-2,Tuesday,11,24,24
BL-2,Tuesday,12,13,13
BL-2,Tuesday,13,15,15
BL-2,Tuesday,14,30,29
BL-2,Tuesday,15,83,89
BL-2,Tuesday,16,186,124
BL-2,Tuesday,17,283,188
BL-2,Tuesday,18,283,168
BL-2,Tuesday,19,186,114
BL-2,Tuesday,20,83,91
BL-2,Tuesday,21,30,29
BL-2,Tuesday,22,15,13
BL-2,Tuesday,23,12,12
BL-3,Tuesday,0,20,17
BL-3,Tuesday,1,20,18
BL-3,Tuesday,2,20,18
BL-3,Tuesday,3,20,20
BL-3,Tuesday,4,22,20
BL-3,Tuesday,5,42,36
BL-3,Tuesday,6,144,124
BL-3,Tuesday,7,370,482
BL-3,Tuesday,8,516,571
BL-3,Tuesday,9,370,516
BL-3,Tuesday,10,144,129
BL-3,Tuesday,11,42,43
BL-3,Tuesday,12,22,21
BL-3,Tuesday,13,26,25
BL-3,Tuesday,14,53,46
BL-3,Tuesday,15,144,157
BL-3,Tuesday,16,321,276
BL-3,Tuesday,17,489,270
BL-3,Tuesday,18,489,299
BL-3,Tuesday,19,321,278
BL-3,Tuesday,20,144,146
BL-3,Tuesday,21,53,47
BL-3,Tuesday,22,26,23
BL-3,Tuesday,23,21,22
BL-4,Tuesday,0,30,30
BL-4,Tuesday,1,30,34
BL-4,Tuesday,2,30,29
BL-4,Tuesday,3,30,28
BL-4,Tuesday,4,33,32
BL-4,Tuesday,5,62,59
BL-4,Tuesday,6,213,195
BL-4,Tuesday,7,548,611
BL-4,Tuesday,8,763,933
BL-4,Tuesday,9,548,739
BL-4,Tuesday,10,213,182
BL-4,Tuesday,11,62,60
BL-4,Tuesday,12,33,34
BL-4,Tuesday,13,38,39
BL-4,Tuesday,14,78,84
BL-4,Tuesday,15,213,232
BL-4,Tuesday,16,475,379
BL-4,Tuesday,17,723,423
BL-4,Tuesday,18,723,517
BL-4,Tuesday,19,475,361
BL-4,Tuesday,20,213,196
BL-4,Tuesday,21,78,67
BL-4,Tuesday,22,38,34
BL-4,Tuesday,23,31,30
BL-5,Tuesday,0,115,103
BL-5,Tuesday,1,115,126
BL-5,Tuesday,2,115,129
BL-5,Tuesday,3,116,105
BL-5,Tuesday,4,126,142
BL-5,Tuesday,5,237,202
BL-5,Tuesday,6,807,909
BL-5,Tuesday,7,2075,2973
BL-5,Tuesday,8,2889,3190
BL-5,Tuesday,9,2075,2836
BL-5,Tuesday,10,807,920
BL-5,Tuesday,11,237,265
BL-5,Tuesday,12,126,143
BL-5,Tuesday,13,146,148
BL-5,Tuesday,14,297,259
BL-5,Tuesday,15,807,891
BL-5,Tuesday,16,1798,1375
BL-5,Tuesday,17,2739,2095
BL-5,Tuesday,18,2739,1906
BL-5,Tuesday,19,1798,1348
BL-5,Tuesday,20,807,723
BL-5,Tuesday,21,297,318
BL-5,Tuesday,22,146,127
BL-5,Tuesday,23,118,126
BL-6,Tuesday,0,27,26
BL-6,Tuesday,1,27,27
BL-6,Tuesday,2,27,25
BL-6,Tuesday,3,28,31
BL-6,Tuesday,4,30,32
BL-6,Tuesday,5,57,54
BL-6,Tuesday,6,194,175
BL-6,Tuesday,7,501,589
BL-6,Tuesday,8,697,879
BL-6,Tuesday,9,501,716
BL-6,Tuesday,10,194,207
BL-6,Tuesday,11,57,52
BL-6,Tuesday,12,30,33
BL-6,Tuesday,13,35,33
BL-6,Tuesday,14,71,78
BL-6,Tuesday,15,194,178
BL-6,Tuesday,16,434,332
BL-6,Tuesday,17,661,577
BL-6,Tuesday,18,661,423
BL-6,Tuesday,19,434,343
BL-6,Tuesday,20,194,222
BL-6,Tuesday,21,71,63
BL-6,Tuesday,22,35,30
BL-6,Tuesday,23,28,29
BL-7,Tuesday,0,17,14
BL-7,Tuesday,1,17,16
BL-7,Tuesday,2,17,18
BL-7,Tuesday,3,17,15
BL-7,Tuesday,4,19,18
BL-7,Tuesday,5,36,39
BL-7,Tuesday,6,122,122
BL-7,Tuesday,7,315,439
BL-7,Tuesday,8,438,550
BL-7,Tuesday,9,315,451
BL-7,Tuesday,10,122,127
BL-7,Tuesday,11,36,31
BL-7,Tuesday,12,19,21
BL-7,Tuesday,13,22,21
BL-7,Tuesday,14,45,40
BL-7,Tuesday,15,122,109
BL-7,Tuesday,16,272,215
BL-7,Tuesday,17,415,235
BL-7,Tuesday,18,415,269
BL-7,Tuesday,19,272,162
BL-7,Tuesday,20,122,119
BL-7,Tuesday,21,45,43
BL-7,Tuesday,22,22,22
BL-7,Tuesday,23,18,16
BL-8,Tuesday,0,9,9
BL-8,Tuesday,1,9,8
BL-8,Tuesday,2,9,9
BL-8,Tuesday,3,9,7
BL-8,Tuesday,4,10,8
BL-8,Tuesday,5,19,17
BL-8,Tuesday,6,66,65
BL-8,Tuesday,7,171,211
BL-8,Tuesday,8,238,329
BL-8,Tuesday,9,171,210
BL-8,Tuesday,10,66,66
BL-8,Tuesday,11,19,19
BL-8,Tuesday,12,10,8
BL-8,Tuesday,13,12,12
BL-8,Tuesday,14,24,22
BL-8,Tuesday,15,66,64
BL-8,Tuesday,16,148,86
BL-8,Tuesday,17,225,185
BL-8,Tuesday,18,225,197
BL-8,Tuesday,19,148,82
BL-8,Tuesday,20,66,68
BL-8,Tuesday,21,24,25
BL-8,Tuesday,22,12,11
BL-8,Tuesday,23,9,9
BL-9,Tuesday,0,4,4
BL-9,Tuesday,1,4,4
BL-9,Tuesday,2,4,3
BL-9,Tuesday,3,5,4
BL-9,Tuesday,4,5,5
BL-9,Tuesday,5,10,8
BL-9,Tuesday,6,34,32
BL-9,Tuesday,7,89,128
BL-9,Tuesday,8,124,137
BL-9,Tuesday,9,89,111
BL-9,Tuesday,10,34,37
BL-9,Tuesday,11,10,9
BL-9,Tuesday,12,5,4
BL-9,Tuesday,13,6,6
BL-9,Tuesday,14,12,11
BL-9,Tuesday,15,34,30
BL-9,Tuesday,16,77,43
BL-9,Tuesday,17,118,103
BL-9,Tuesday,18,118,75
BL-9,Tuesday,19,77,55
BL-9,Tuesday,20,34,29
BL-9,Tuesday,21,12,11
BL-9,Tuesday,22,6,6
BL-9,Tuesday,23,5,5
OL-1,Wednesday,0,6,5
OL-1,Wednesday,1,6,6
OL-1,Wednesday,2,6,6
OL-1,Wednesday,3,6,5
OL-1,Wednesday,4,7,6
OL-1,Wednesday,5,13,14
OL-1,Wednesday,6,45,43
OL-1,Wednesday,7,117,150
OL-1,Wednesday,8,164,236
OL-1,Wednesday,9,117,136
OL-1,Wednesday,10,45,42
OL-1,Wednesday,11,13,11
OL-1,Wednesday,12,7,6
OL-1,Wednesday,13,8,7
OL-1,Wednesday,14,16,16
OL-1,Wednesday,15,45,40
OL-1,Wednesday,16,102,80
OL-1,Wednesday,17,155,99
OL-1,Wednesday,18,155,104
OL-1,Wednesday,19,102,68
OL-1,Wednesday,20,45,47
OL-1,Wednesday,21,16,15
OL-1,Wednesday,22,8,7
OL-1,Wednesday,23,6,6
OL-2,Wednesday,0,12,10
OL-2,Wednesday,1,12,13
OL-2,Wednesday,2,12,11
OL-2,Wednesday,3,12,10
OL-2,Wednesday,4,13,12
OL-2,Wednesday,5,24,21
OL-2,Wednesday,6,83,76
OL-2,Wednesday,7,215,292
OL-2,Wednesday,8,300,343
OL-2,Wednesday,9,215,297
OL-2,Wednesday,10,83,93
OL-2,Wednesday,11,24,24
OL-2,Wednesday,12,13,13
OL-2,Wednesday,13,15,15
OL-2,Wednesday,14,30,34
OL-2,Wednesday,15,83,79
OL-2,Wednesday,16,186,112
OL-2,Wednesday,17,284,207
OL-2,Wednesday,18,284,209
OL-2,Wednesday,19,186,113
OL-2,Wednesday,20,83,85
OL-2,Wednesday,21,30,25
OL-2,Wednesday,22,15,16
OL-2,Wednesday,23,12,11
OL-3,Wednesday,0,16,14
OL-3,Wednesday,1,16,14
OL-3,Wednesday,2,16,14
OL-3,Wednesday,3,16,13
OL-3,Wednesday,4,18,16
OL-3,Wednesday,5,34,30
OL-3,Wednesday,6,116,111
OL-3,Wednesday,7,299,369
OL-3,Wednesday,8,417,508
OL-3,Wednesday,9,299,363
OL-3,Wednesday,10,116,101
OL-3,Wednesday,11,34,29
OL-3,Wednesday,12,18,16
OL-3,Wednesday,13,21,22
OL-3,Wednesday,14,43,49
OL-3,Wednesday,15,116,130
OL-3,Wednesday,16,259,188
OL-3,Wednesday,17,395,290
OL-3,Wednesday,18,395,260
OL-3,Wednesday,19,259,212
OL-3,Wednesday,20,116,125
OL-3,Wednesday,21,43,47
OL-3,Wednesday,22,21,23
OL-3,Wednesday,23,17,16
OL-4,Wednesday,0,28,30
OL-4,Wednesday,1,28,26
OL-4,Wednesday,2,28,31
OL-4,Wednesday,3,28,24
OL-4,Wednesday,4,31,35
OL-4,Wednesday,5,58,62
OL-4,Wednesday,6,199,174
OL-4,Wednesday,7,512,680
OL-4,Wednesday,8,713,792
OL-4,Wednesday,9,512,701
OL-4,Wednesday,10,199,216
OL-4,Wednesday,11,58,59
OL-4,Wednesday,12,31,34
OL-4,Wednesday,13,36,31
OL-4,Wednesday,14,73,68
OL-4,Wednesday,15,199,193
OL-4,Wednesday,16,444,250
OL-4,Wednesday,17,676,477
OL-4,Wednesday,18,676,434
OL-4,Wednesday,19,444,305
OL-4,Wednesday,20,199,194
OL-4,Wednesday,21,73,81
OL-4,Wednesday,22,36,33
OL-4,Wednesday,23,29,32
OL-5,Wednesday,0,100,94
OL-5,Wednesday,1,100,100
OL-5,Wednesday,2,100,97
OL-5,Wednesday,3,100,92
OL-5,Wednesday,4,109,109
OL-5,Wednesday,5,205,183
OL-5,Wednesday,6,699,667
OL-5,Wednesday,7,1798,2333
OL-5,Wednesday,8,2503,3115
OL-5,Wednesday,9,1798,2496
OL-5,Wednesday,10,699,647
OL-5,Wednesday,11,205,233
OL-5,Wednesday,12,109,118
OL-5,Wednesday,13,126,143
OL-5,Wednesday,14,258,284
OL-5,Wednesday,15,699,623
OL-5,Wednesday,16,1557,1143
OL-5,Wednesday,17,2373,1446
OL-5,Wednesday,18,2373,1984
OL-5,Wednesday,19,1557,1174
OL-5,Wednesday,20,699,649
OL-5,Wednesday,21,258,291
OL-5,Wednesday,22,126,111
OL-5,Wednesday,23,103,104
OL-6,Wednesday,0,29,25
OL-6,Wednesday,1,29,29
OL-6,Wednesday,2,29,31
OL-6,Wednesday,3,30,26
OL-6,Wednesday,4,32,32
OL-6,Wednesday,5,61,56
OL-6,Wednesday,6,209,219
OL-6,Wednesday,7,537,613
OL-6,Wednesday,8,748,1068
OL-6,Wednesday,9,537,758
OL-6,Wednesday,10,209,189
OL-6,Wednesday,11,61,57
OL-6,Wednesday,12,32,32
OL-6,Wednesday,13,37,39
OL-6,Wednesday,14,77,75
OL-6,Wednesday,15,209,187
OL-6,Wednesday,16,465,272
OL-6,Wednesday,17,709,638
OL-6,Wednesday,18,709,502
OL-6,Wednesday,19,465,397
OL-6,Wednesday,20,209,207
OL-6,Wednesday,21,77,86
OL-6,Wednesday,22,37,32
OL-6,Wednesday,23,30,26
OL-7,Wednesday,0,21,23
OL-7,Wednesday,1,21,19
OL-7,Wednesday,2,21,20
OL-7,Wednesday,3,21,20
OL-7,Wednesday,4,23,22
OL-7,Wednesday,5,44,39
OL-7,Wednesday,6,152,170
OL-7,Wednesday,7,393,467
OL-7,Wednesday,8,547,736
OL-7,Wednesday,9,393,441
OL-7,Wednesday,10,152,130
OL-7,Wednesday,11,44,46
OL-7,Wednesday,12,23,21
OL-7,Wednesday,13,27,28
OL-7,Wednesday,14,56,49
OL-7,Wednesday,15,152,172
OL-7,Wednesday,16,340,276
OL-7,Wednesday,17,519,444
OL-7,Wednesday,18,519,310
OL-7,Wednesday,19,340,225
OL-7,Wednesday,20,152,145
OL-7,Wednesday,21,56,56
OL-7,Wednesday,22,27,25
OL-7,Wednesday,23,22,19
OL-8,Wednesday,0,11,10
OL-8,Wednesday,1,11,10
OL-8,Wednesday,2,11,9
OL-8,Wednesday,3,11,10
OL-8,Wednesday,4,13,13
OL-8,Wednesday,5,24,23
OL-8,Wednesday,6,83,79
OL-8,Wednesday,7,214,275
OL-8,Wednesday,8,298,408
OL-8,Wednesday,9,214,263
OL-8,Wednesday,10,83,85
OL-8,Wednesday,11,24,27
OL-8,Wednesday,12,13,13
OL-8,Wednesday,13,15,16
OL-8,Wednesday,14,30,32
OL-8,Wednesday,15,83,72
OL-8,Wednesday,16,185,129
OL-8,Wednesday,17,283,224
OL-8,Wednesday,18,283,253
OL-8,Wednesday,19,185,131
OL-8,Wednesday,20,83,72
OL-8,Wednesday,21,30,30
OL-8,Wednesday,22,15,13
OL-8,Wednesday,23,12,12
OL-9,Wednesday,0,5,5
OL-9,Wednesday,1,5,5
OL-9,Wednesday,2,5,5
OL-9,Wednesday,3,5,5
OL-9,Wednesday,4,5,5
OL-9,Wednesday,5,11,12
OL-9,Wednesday,6,37,41
OL-9,Wednesday,7,96,106
OL-9,Wednesday,8,134,173
OL-9,Wednesday,9,96,112
OL-9,Wednesday,10,37,40
OL-9,Wednesday,11,11,11
OL-9,Wednesday,12,5,4
OL-9,Wednesday,13,6,5
OL-9,Wednesday,14,13,12
OL-9,Wednesday,15,37,39
OL-9,Wednesday,16,83,51
OL-9,Wednesday,17,127,74
OL-9,Wednesday,18,127,109
OL-9,Wednesday,19,83,67
OL-9,Wednesday,20,37,33
OL-9,Wednesday,21,13,12
OL-9,Wednesday,22,6,6
OL-9,Wednesday,23,5,5
BL-1,Wednesday,0,6,5
BL-1,Wednesday,1,6,5
BL-1,Wednesday,2,6,5
BL-1,Wednesday,3,6,6
BL-1,Wednesday,4,7,6
BL-1,Wednesday,5,13,11
BL-1,Wednesday,6,46,49
BL-1,Wednesday,7,118,168
BL-1,Wednesday,8,165,225
BL-1,Wednesday,9,118,149
BL-1,Wednesday,10,46,45
BL-1,Wednesday,11,13,12
BL-1,Wednesday,12,7,6
BL-1,Wednesday,13,8,8
BL-1,Wednesday,14,17,16
BL-1,Wednesday,15,46,47
BL-1,Wednesday,16,102,88
BL-1,Wednesday,17,156,140
BL-1,Wednesday,18,156,90
BL-1,Wednesday,19,102,69
BL-1,Wednesday,20,46,41
BL-1,Wednesday,21,17,16
BL-1,Wednesday,22,8,7
BL-1,Wednesday,23,6,5
BL-2,Wednesday,0,13,12
BL-2,Wednesday,1,13,14
BL-2,Wednesday,2,13,11
BL-2,Wednesday,3,13,11
BL-2,Wednesday,4,14,13
BL-2,Wednesday,5,28,24
BL-2,Wednesday,6,95,88
BL-2,Wednesday,7,245,354
BL-2,Wednesday,8,342,401
BL-2,Wednesday,9,245,286
BL-2,Wednesday,10,95,97
BL-2,Wednesday,11,28,27
BL-2,Wednesday,12,14,14
BL-2,Wednesday,13,17,16
BL-2,Wednesday,14,35,38
BL-2,Wednesday,15,95,84
BL-2,Wednesday,16,213,149
BL-2,Wednesday,17,324,256
BL-2,Wednesday,18,324,276
BL-2,Wednesday,19,213,144
BL-2,Wednesday,20,95,96
BL-2,Wednesday,21,35,30
BL-2,Wednesday,22,17,15
BL-2,Wednesday,23,14,12
BL-3,Wednesday,0,21,19
BL-3,Wednesday,1,21,22
BL-3,Wednesday,2,21,18
BL-3,Wednesday,3,21,23
BL-3,Wednesday,4,23,25
BL-3,Wednesday,5,44,38
BL-3,Wednesday,6,150,128
BL-3,Wednesday,7,386,432
BL-3,Wednesday,8,537,751
BL-3,Wednesday,9,386,456
BL-3,Wednesday,10,150,152
BL-3,Wednesday,11,44,43
BL-3,Wednesday,12,23,25
BL-3,Wednesday,13,27,26
BL-3,Wednesday,14,55,55
BL-3,Wednesday,15,150,172
BL-3,Wednesday,16,334,201
BL-3,Wednesday,17,509,427
BL-3,Wednesday,18,509,289
BL-3,Wednesday,19,334,239
BL-3,Wednesday,20,150,167
BL-3,Wednesday,21,55,57
BL-3,Wednesday,22,27,28
BL-3,Wednesday,23,22,20
BL-4,Wednesday,0,28,26
BL-4,Wednesday,1,28,28
BL-4,Wednesday,2,28,27
BL-4,Wednesday,3,28,26
BL-4,Wednesday,4,31,29
BL-4,Wednesday,5,58,53
BL-4,Wednesday,6,198,189
BL-4,Wednesday,7,510,587
BL-4,Wednesday,8,710,997
BL-4,Wednesday,9,510,668
BL-4,Wednesday,10,198,176
BL-4,Wednesday,11,58,61
BL-4,Wednesday,12,31,34
BL-4,Wednesday,13,35,32
BL-4,Wednesday,14,73,65
BL-4,Wednesday,15,198,168
BL-4,Wednesday,16,441,249
BL-4,Wednesday,17,673,549
BL-4,Wednesday,18,673,602
BL-4,Wednesday,19,441,249
BL-4,Wednesday,20,198,212
BL-4,Wednesday,21,73,63
BL-4,Wednesday,22,35,35
BL-4,Wednesday,23,29,31
BL-5,Wednesday,0,114,97
BL-5,Wednesday,1,114,117
BL-5,Wednesday,2,114,130
BL-5,Wednesday,3,114,105
BL-5,Wednesday,4,124,112
BL-5,Wednesday,5,234,207
BL-5,Wednesday,6,796,809
BL-5,Wednesday,7,2048,2680
BL-5,Wednesday,8,2851,3926
BL-5,Wednesday,9,2048,2792
BL-5,Wednesday,10,796,889
BL-5,Wednesday,11,234,255
BL-5,Wednesday,12,124,114
BL-5,Wednesday,13,144,146
BL-5,Wednesday,14,293,275
BL-5,Wednesday,15,796,755
BL-5,Wednesday,16,1774,1554
BL-5,Wednesday,17,2703,2131
BL-5,Wednesday,18,2703,2408
BL-5,Wednesday,19,1774,1234
BL-5,Wednesday,20,796,804
BL-5,Wednesday,21,293,291
BL-5,Wednesday,22,144,127
BL-5,Wednesday,23,117,107
BL-6,Wednesday,0,25,21
BL-6,Wednesday,1,25,28
BL-6,Wednesday,2,25,22
BL-6,Wednesday,3,26,23
BL-6,Wednesday,4,28,30
BL-6,Wednesday,5,53,46
BL-6,Wednesday,6,181,202
BL-6,Wednesday,7,465,629
BL-6,Wednesday,8,648,728
BL-6,Wednesday,9,465,624
BL-6,Wednesday,10,181,188
BL-6,Wednesday,11,53,57
BL-6,Wednesday,12,28,30
BL-6,Wednesday,13,32,34
BL-6,Wednesday,14,66,67
BL-6,Wednesday,15,181,171
BL-6,Wednesday,16,403,320
BL-6,Wednesday,17,614,543
BL-6,Wednesday,18,614,463
BL-6,Wednesday,19,403,315
BL-6,Wednesday,20,181,177
BL-6,Wednesday,21,66,71
BL-6,Wednesday,22,32,36
BL-6,Wednesday,23,26,23
BL-7,Wednesday,0,16,16
BL-7,Wednesday,1,16,15
BL-7,Wednesday,2,16,16
BL-7,Wednesday,3,17,14
BL-7,Wednesday,4,18,17
BL-7,Wednesday,5,34,34
BL-7,Wednesday,6,118,121
BL-7,Wednesday,7,304,404
BL-7,Wednesday,8,423,571
BL-7,Wednesday,9,304,402
BL-7,Wednesday,10,118,128
BL-7,Wednesday,11,34,35
BL-7,Wednesday,12,18,18
BL-7,Wednesday,13,21,21
BL-7,Wednesday,14,43,37
BL-7,Wednesday,15,118,109
BL-7,Wednesday,16,263,193
BL-7,Wednesday,17,401,343
BL-7,Wednesday,18,401,315
BL-7,Wednesday,19,263,152
BL-7,Wednesday,20,118,121
BL-7,Wednesday,21,43,39
BL-7,Wednesday,22,21,22
BL-7,Wednesday,23,17,18
BL-8,Wednesday,0,10,10
BL-8,Wednesday,1,10,9
BL-8,Wednesday,2,10,9
BL-8,Wednesday,3,11,12
BL-8,Wednesday,4,11,11
BL-8,Wednesday,5,22,22
BL-8,Wednesday,6,76,72
BL-8,Wednesday,7,197,220
BL-8,Wednesday,8,274,315
BL-8,Wednesday,9,197,230
BL-8,Wednesday,10,76,73
BL-8,Wednesday,11,22,24
BL-8,Wednesday,12,11,11
BL-8,Wednesday,13,13,11
BL-8,Wednesday,14,28,24
BL-8,Wednesday,15,76,72
BL-8,Wednesday,16,170,142
BL-8,Wednesday,17,260,177
BL-8,Wednesday,18,260,213
BL-8,Wednesday,19,170,141
BL-8,Wednesday,20,76,67
BL-8,Wednesday,21,28,28
BL-8,Wednesday,22,13,14
BL-8,Wednesday,23,11,10
BL-9,Wednesday,0,4,4
BL-9,Wednesday,1,4,4
BL-9,Wednesday,2,4,4
BL-9,Wednesday,3,4,4
BL-9,Wednesday,4,4,3
BL-9,Wednesday,5,8,8
BL-9,Wednesday,6,30,29
BL-9,Wednesday,7,77,85
BL-9,Wednesday,8,107,143
BL-9,Wednesday,9,77,110
BL-9,Wednesday,10,30,32
BL-9,Wednesday,11,8,7
BL-9,Wednesday,12,4,3
BL-9,Wednesday,13,5,5
BL-9,Wednesday,14,11,12
BL-9,Wednesday,15,30,30
BL-9,Wednesday,16,67,51
BL-9,Wednesday,17,102,72
BL-9,Wednesday,18,102,71
BL-9,Wednesday,19,67,39
BL-9,Wednesday,20,30,26
BL-9,Wednesday,21,11,10
BL-9,Wednesday,22,5,5
BL-9,Wednesday,23,4,3
OL-1,Thursday,0,5,5
OL-1,Thursday,1,5,4
OL-1,Thursday,2,5,4
OL-1,Thursday,3,5,5
OL-1,Thursday,4,6,5
OL-1,Thursday,5,11,11
OL-1,Thursday,6,38,42
OL-1,Thursday,7,99,114
OL-1,Thursday,8,137,194
OL-1,Thursday,9,99,140
OL-1,Thursday,10,38,41
OL-1,Thursday,11,11,11
OL-1,Thursday,12,6,6
OL-1,Thursday,13,6,6
OL-1,Thursday,14,14,14
OL-1,Thursday,15,38,32
OL-1,Thursday,16,85,75
OL-1,Thursday,17,130,98
OL-1,Thursday,18,130,107
OL-1,Thursday,19,85,57
OL-1,Thursday,20,38,32
OL-1,Thursday,21,14,14
OL-1,Thursday,22,6,6
OL-1,Thursday,23,5,4
OL-2,Thursday,0,11,10
OL-2,Thursday,1,11,11
OL-2,Thursday,2,11,10
OL-2,Thursday,3,11,12
OL-2,Thursday,4,12,10
OL-2,Thursday,5,23,21
OL-2,Thursday,6,79,74
OL-2,Thursday,7,203,261
OL-2,Thursday,8,283,360
OL-2,Thursday,9,203,269
OL-2,Thursday,10,79,89
OL-2,Thursday,11,23,21
OL-2,Thursday,12,12,12
OL-2,Thursday,13,14,12
OL-2,Thursday,14,29,26
OL-2,Thursday,15,79,78
OL-2,Thursday,16,176,98
OL-2,Thursday,17,269,206
OL-2,Thursday,18,269,211
OL-2,Thursday,19,176,142
OL-2,Thursday,20,79,79
OL-2,Thursday,21,29,29
OL-2,Thursday,22,14,13
OL-2,Thursday,23,11,9
OL-3,Thursday,0,16,16
OL-3,Thursday,1,16,18
OL-3,Thursday,2,16,13
OL-3,Thursday,3,17,17
OL-3,Thursday,4,18,19
OL-3,Thursday,5,34,37
OL-3,Thursday,6,118,119
OL-3,Thursday,7,304,400
OL-3,Thursday,8,424,569
OL-3,Thursday,9,304,425
OL-3,Thursday,10,118,104
OL-3,Thursday,11,34,38
OL-3,Thursday,12,18,15
OL-3,Thursday,13,21,23
OL-3,Thursday,14,43,37
OL-3,Thursday,15,118,107
OL-3,Thursday,16,264,145
OL-3,Thursday,17,402,283
OL-3,Thursday,18,402,268
OL-3,Thursday,19,264,160
OL-3,Thursday,20,118,116
OL-3,Thursday,21,43,41
OL-3,Thursday,22,21,22
OL-3,Thursday,23,17,19
OL-4,Thursday,0,27,23
OL-4,Thursday,1,27,25
OL-4,Thursday,2,27,30
OL-4,Thursday,3,27,23
OL-4,Thursday,4,30,29
OL-4,Thursday,5,57,64
OL-4,Thursday,6,194,220
OL-4,Thursday,7,499,620
OL-4,Thursday,8,695,926
OL-4,Thursday,9,499,628
OL-4,Thursday,10,194,208
OL-4,Thursday,11,57,48
OL-4,Thursday,12,30,26
OL-4,Thursday,13,35,36
OL-4,Thursday,14,71,65
OL-4,Thursday,15,194,203
OL-4,Thursday,16,432,290
OL-4,Thursday,17,659,566
OL-4,Thursday,18,659,551
OL-4,Thursday,19,432,312
OL-4,Thursday,20,194,209
OL-4,Thursday,21,71,66
OL-4,Thursday,22,35,34
OL-4,Thursday,23,28,25
OL-5,Thursday,0,110,120
OL-5,Thursday,1,110,123
OL-5,Thursday,2,110,122
OL-5,Thursday,3,111,126
OL-5,Thursday,4,121,111
OL-5,Thursday,5,227,256
OL-5,Thursday,6,773,789
OL-5,Thursday,7,1989,2482
OL-5,Thursday,8,2769,3588
OL-5,Thursday,9,1989,2426
OL-5,Thursday,10,773,723
OL-5,Thursday,11,227,209
OL-5,Thursday,12,121,105
OL-5,Thursday,13,140,139
OL-5,Thursday,14,285,318
OL-5,Thursday,15,773,803
OL-5,Thursday,16,1723,1261
OL-5,Thursday,17,2625,1837
OL-5,Thursday,18,2625,1870
OL-5,Thursday,19,1723,1073
OL-5,Thursday,20,773,847
OL-5,Thursday,21,285,259
OL-5,Thursday,22,140,149
OL-5,Thursday,23,113,121
OL-6,Thursday,0,28,31
OL-6,Thursday,1,28,26
OL-6,Thursday,2,28,31
OL-6,Thursday,3,29,30
OL-6,Thursday,4,31,33
OL-6,Thursday,5,59,61
OL-6,Thursday,6,202,222
OL-6,Thursday,7,519,751
OL-6,Thursday,8,723,901
OL-6,Thursday,9,519,718
OL-6,Thursday,10,202,216
OL-6,Thursday,11,59,58
OL-6,Thursday,12,31,34
OL-6,Thursday,13,36,34
OL-6,Thursday,14,74,75
OL-6,Thursday,15,202,178
OL-6,Thursday,16,450,283
OL-6,Thursday,17,686,579
OL-6,Thursday,18,686,472
OL-6,Thursday,19,450,309
OL-6,Thursday,20,202,186
OL-6,Thursday,21,74,73
OL-6,Thursday,22,36,39
OL-6,Thursday,23,29,32
OL-7,Thursday,0,17,17
OL-7,Thursday,1,17,16
OL-7,Thursday,2,17,17
OL-7,Thursday,3,17,16
OL-7,Thursday,4,19,18
OL-7,Thursday,5,36,35
OL-7,Thursday,6,124,127
OL-7,Thursday,7,319,406
OL-7,Thursday,8,445,563
OL-7,Thursday,9,319,442
OL-7,Thursday,10,124,133
OL-7,Thursday,11,36,34
OL-7,Thursday,12,19,20
OL-7,Thursday,13,22,24
OL-7,Thursday,14,45,40
OL-7,Thursday,15,124,127
OL-7,Thursday,16,276,179
OL-7,Thursday,17,421,340
OL-7,Thursday,18,421,266
OL-7,Thursday,19,276,216
OL-7,Thursday,20,124,114
OL-7,Thursday,21,45,45
OL-7,Thursday,22,22,24
OL-7,Thursday,23,18,17
OL-8,Thursday,0,13,14
OL-8,Thursday,1,13,14
OL-8,Thursday,2,13,11
OL-8,Thursday,3,13,14
OL-8,Thursday,4,14,12
OL-8,Thursday,5,27,26
OL-8,Thursday,6,93,103
OL-8,Thursday,7,241,323
OL-8,Thursday,8,336,432
OL-8,Thursday,9,241,297
OL-8,Thursday,10,93,101
OL-8,Thursday,11,27,28
OL-8,Thursday,12,14,13
OL-8,Thursday,13,17,19
OL-8,Thursday,14,34,31
OL-8,Thursday,15,93,83
OL-8,Thursday,16,209,161
OL-8,Thursday,17,318,283
OL-8,Thursday,18,318,202
OL-8,Thursday,19,209,133
OL-8,Thursday,20,93,82
OL-8,Thursday,21,34,37
OL-8,Thursday,22,17,15
OL-8,Thursday,23,13,13
OL-9,Thursday,0,5,4
OL-9,Thursday,1,5,5
OL-9,Thursday,2,5,5
OL-9,Thursday,3,6,6
OL-9,Thursday,4,6,5
OL-9,Thursday,5,12,11
OL-9,Thursday,6,41,36
OL-9,Thursday,7,107,145
OL-9,Thursday,8,149,204
OL-9,Thursday,9,107,122
OL-9,Thursday,10,41,39
OL-9,Thursday,11,12,13
OL-9,Thursday,12,6,5
OL-9,Thursday,13,7,6
OL-9,Thursday,14,15,15
OL-9,Thursday,15,41,38
OL-9,Thursday,16,93,60
OL-9,Thursday,17,142,100
OL-9,Thursday,18,142,87
OL-9,Thursday,19,93,68
OL-9,Thursday,20,41,43
OL-9,Thursday,21,15,15
OL-9,Thursday,22,7,6
OL-9,Thursday,23,6,6
BL-1,Thursday,0,5,5
BL-1,Thursday,1,5,4
BL-1,Thursday,2,5,5
BL-1,Thursday,3,5,4
BL-1,Thursday,4,6,5
BL-1,Thursday,5,12,11
BL-1,Thursday,6,41,35
BL-1,Thursday,7,106,124
BL-1,Thursday,8,148,200
BL-1,Thursday,9,106,147
BL-1,Thursday,10,41,35
BL-1,Thursday,11,12,13
BL-1,Thursday,12,6,6
BL-1,Thursday,13,7,7
BL-1,Thursday,14,15,15
BL-1,Thursday,15,41,43
BL-1,Thursday,16,92,67
BL-1,Thursday,17,140,108
BL-1,Thursday,18,140,122
BL-1,Thursday,19,92,53
BL-1,Thursday,20,41,38
BL-1,Thursday,21,15,13
BL-1,Thursday,22,7,7
BL-1,Thursday,23,6,5
BL-2,Thursday,0,13,14
BL-2,Thursday,1,13,14
BL-2,Thursday,2,13,11
BL-2,Thursday,3,13,14
BL-2,Thursday,4,14,15
BL-2,Thursday,5,27,23
BL-2,Thursday,6,93,100
BL-2,Thursday,7,240,293
BL-2,Thursday,8,335,444
BL-2,Thursday,9,240,307
BL-2,Thursday,10,93,86
BL-2,Thursday,11,27,24
BL-2,Thursday,12,14,12
BL-2,Thursday,13,16,14
BL-2,Thursday,14,34,35
BL-2,Thursday,15,93,88
BL-2,Thursday,16,208,130
BL-2,Thursday,17,318,251
BL-2,Thursday,18,318,251
BL-2,Thursday,19,208,153
BL-2,Thursday,20,93,105
BL-2,Thursday,21,34,32
BL-2,Thursday,22,16,17
BL-2,Thursday,23,13,11
BL-3,Thursday,0,21,24
BL-3,Thursday,1,21,23
BL-3,Thursday,2,21,21
BL-3,Thursday,3,21,21
BL-3,Thursday,4,23,21
BL-3,Thursday,5,44,46
BL-3,Thursday,6,150,162
BL-3,Thursday,7,387,560
BL-3,Thursday,8,539,685
BL-3,Thursday,9,387,434
BL-3,Thursday,10,150,154
BL-3,Thursday,11,44,38
BL-3,Thursday,12,23,21
BL-3,Thursday,13,27,25
BL-3,Thursday,14,55,58
BL-3,Thursday,15,150,135
BL-3,Thursday,16,335,203
BL-3,Thursday,17,511,289
BL-3,Thursday,18,511,437
BL-3,Thursday,19,335,265
BL-3,Thursday,20,150,129
BL-3,Thursday,21,55,47
BL-3,Thursday,22,27,27
BL-3,Thursday,23,22,20
BL-4,Thursday,0,29,28
BL-4,Thursday,1,29,32
BL-4,Thursday,2,29,27
BL-4,Thursday,3,29,30
BL-4,Thursday,4,32,27
BL-4,Thursday,5,60,68
BL-4,Thursday,6,207,236
BL-4,Thursday,7,532,722
BL-4,Thursday,8,741,935
BL-4,Thursday,9,532,626
BL-4,Thursday,10,207,226
BL-4,Thursday,11,60,64
BL-4,Thursday,12,32,29
BL-4,Thursday,13,37,36
BL-4,Thursday,14,76,75
BL-4,Thursday,15,207,227
BL-4,Thursday,16,461,363
BL-4,Thursday,17,702,544
BL-4,Thursday,18,702,545
BL-4,Thursday,19,461,297
BL-4,Thursday,20,207,199
BL-4,Thursday,21,76,65
BL-4,Thursday,22,37,40
BL-4,Thursday,23,30,29
BL-5,Thursday,0,116,107
BL-5,Thursday,1,116,105
BL-5,Thursday,2,116,119
BL-5,Thursday,3,116,106
BL-5,Thursday,4,127,110
BL-5,Thursday,5,238,257
BL-5,Thursday,6,812,781
BL-5,Thursday,7,2088,2574
BL-5,Thursday,8,2907,3636
BL-5,Thursday,9,2088,2892
BL-5,Thursday,10,812,768
BL-5,Thursday,11,238,256
BL-5,Thursday,12,127,143
BL-5,Thursday,13,147,154
BL-5,Thursday,14,299,292
BL-5,Thursday,15,812,872
BL-5,Thursday,16,1808,1284
BL-5,Thursday,17,2756,1915
BL-5,Thursday,18,2756,2022
BL-5,Thursday,19,1808,1195
BL-5,Thursday,20,812,715
BL-5,Thursday,21,299,291
BL-5,Thursday,22,147,130
BL-5,Thursday,23,119,115
BL-6,Thursday,0,26,29
BL-6,Thursday,1,26,22
BL-6,Thursday,2,26,26
BL-6,Thursday,3,26,25
BL-6,Thursday,4,28,23
BL-6,Thursday,5,53,49
BL-6,Thursday,6,182,161
BL-6,Thursday,7,468,550
BL-6,Thursday,8,652,779
BL-6,Thursday,9,468,580
BL-6,Thursday,10,182,183
BL-6,Thursday,11,53,45
BL-6,Thursday,12,28,25
BL-6,Thursday,13,33,28
BL-6,Thursday,14,67,67
BL-6,Thursday,15,182,172
BL-6,Thursday,16,406,301
BL-6,Thursday,17,618,387
BL-6,Thursday,18,618,345
BL-6,Thursday,19,406,357
BL-6,Thursday,20,182,160
BL-6,Thursday,21,67,59
BL-6,Thursday,22,33,29
BL-6,Thursday,23,26,29
BL-7,Thursday,0,18,18
BL-7,Thursday,1,18,20
BL-7,Thursday,2,18,15
BL-7,Thursday,3,18,20
BL-7,Thursday,4,20,18
BL-7,Thursday,5,38,39
BL-7,Thursday,6,131,127
BL-7,Thursday,7,336,414
BL-7,Thursday,8,468,667
BL-7,Thursday,9,336,387
BL-7,Thursday,10,131,150
BL-7,Thursday,11,38,36
BL-7,Thursday,12,20,20
BL-7,Thursday,13,23,26
BL-7,Thursday,14,48,41
BL-7,Thursday,15,131,147
BL-7,Thursday,16,291,217
BL-7,Thursday,17,444,353
BL-7,Thursday,18,444,267
BL-7,Thursday,19,291,214
BL-7,Thursday,20,131,137
BL-7,Thursday,21,48,47
BL-7,Thursday,22,23,20
BL-7,Thursday,23,19,17
BL-8,Thursday,0,11,9
BL-8,Thursday,1,11,11
BL-8,Thursday,2,11,12
BL-8,Thursday,3,11,9
BL-8,Thursday,4,12,10
BL-8,Thursday,5,23,24
BL-8,Thursday,6,81,70
BL-8,Thursday,7,209,273
BL-8,Thursday,8,291,389
BL-8,Thursday,9,209,272
BL-8,Thursday,10,81,77
BL-8,Thursday,11,23,24
BL-8,Thursday,12,12,12
BL-8,Thursday,13,14,12
BL-8,Thursday,14,30,30
BL-8,Thursday,15,81,90
BL-8,Thursday,16,181,141
BL-8,Thursday,17,275,196
BL-8,Thursday,18,275,182
BL-8,Thursday,19,181,104
BL-8,Thursday,20,81,74
BL-8,Thursday,21,30,25
BL-8,Thursday,22,14,16
BL-8,Thursday,23,11,10
BL-9,Thursday,0,5,4
BL-9,Thursday,1,5,4
BL-9,Thursday,2,5,4
BL-9,Thursday,3,5,4
BL-9,Thursday,4,5,5
BL-9,Thursday,5,10,11
BL-9,Thursday,6,36,40
BL-9,Thursday,7,93,107
BL-9,Thursday,8,129,176
BL-9,Thursday,9,93,107
BL-9,Thursday,10,36,40
BL-9,Thursday,11,10,10
BL-9,Thursday,12,5,4
BL-9,Thursday,13,6,5
BL-9,Thursday,14,13,11
BL-9,Thursday,15,36,33
BL-9,Thursday,16,80,69
BL-9,Thursday,17,123,101
BL-9,Thursday,18,123,109
BL-9,Thursday,19,80,46
BL-9,Thursday,20,36,36
BL-9,Thursday,21,13,12
BL-9,Thursday,22,6,6
BL-9,Thursday,23,5,4
OL-1,Friday,0,5,5
OL-1,Friday,1,5,4
OL-1,Friday,2,5,4
OL-1,Friday,3,5,5
OL-1,Friday,4,6,5
OL-1,Friday,5,11,12
OL-1,Friday,6,39,39
OL-1,Friday,7,100,138
OL-1,Friday,8,139,184
OL-1,Friday,9,100,134
OL-1,Friday,10,39,41
OL-1,Friday,11,11,12
OL-1,Friday,12,6,6
OL-1,Friday,13,7,6
OL-1,Friday,14,14,12
OL-1,Friday,15,39,40
OL-1,Friday,16,87,49
OL-1,Friday,17,132,83
OL-1,Friday,18,132,75
OL-1,Friday,19,87,64
OL-1,Friday,20,39,35
OL-1,Friday,21,14,14
OL-1,Friday,22,7,7
OL-1,Friday,23,5,5
OL-2,Friday,0,11,11
OL-2,Friday,1,11,11
OL-2,Friday,2,11,10
OL-2,Friday,3,11,11
OL-2,Friday,4,12,10
OL-2,Friday,5,23,26
OL-2,Friday,6,78,68
OL-2,Friday,7,202,280
OL-2,Friday,8,281,367
OL-2,Friday,9,202,239
OL-2,Friday,10,78,83
OL-2,Friday,11,23,20
OL-2,Friday,12,12,12
OL-2,Friday,13,14,14
OL-2,Friday,14,29,25
OL-2,Friday,15,78,68
OL-2,Friday,16,175,142
OL-2,Friday,17,266,173
OL-2,Friday,18,266,229
OL-2,Friday,19,175,142
OL-2,Friday,20,78,82
OL-2,Friday,21,29,27
OL-2,Friday,22,14,14
OL-2,Friday,23,11,12
OL-3,Friday,0,16,15
OL-3,Friday,1,16,14
OL-3,Friday,2,16,15
OL-3,Friday,3,17,18
OL-3,Friday,4,18,17
OL-3,Friday,5,34,34
OL-3,Friday,6,118,111
OL-3,Friday,7,304,349
OL-3,Friday,8,423,504
OL-3,Friday,9,304,425
OL-3,Friday,10,118,121
OL-3,Friday,11,34,32
OL-3,Friday,12,18,19
OL-3,Friday,13,21,18
OL-3,Friday,14,43,39
OL-3,Friday,15,118,108
OL-3,Friday,16,263,235
OL-3,Friday,17,401,319
OL-3,Friday,18,401,307
OL-3,Friday,19,263,145
OL-3,Friday,20,118,106
OL-3,Friday,21,43,44
OL-3,Friday,22,21,20
OL-3,Friday,23,17,19
OL-4,Friday,0,28,27
OL-4,Friday,1,28,30
OL-4,Friday,2,28,31
OL-4,Friday,3,28,27
OL-4,Friday,4,31,32
OL-4,Friday,5,58,65
OL-4,Friday,6,199,183
OL-4,Friday,7,512,722
OL-4,Friday,8,713,808
OL-4,Friday,9,512,679
OL-4,Friday,10,199,215
OL-4,Friday,11,58,59
OL-4,Friday,12,31,30
OL-4,Friday,13,36,37
OL-4,Friday,14,73,65
OL-4,Friday,15,199,182
OL-4,Friday,16,443,285
OL-4,Friday,17,676,513
OL-4,Friday,18,676,476
OL-4,Friday,19,443,281
OL-4,Friday,20,199,221
OL-4,Friday,21,73,70
OL-4,Friday,22,36,35
OL-4,Friday,23,29,28
OL-5,Friday,0,94,100
OL-5,Friday,1,94,92
OL-5,Friday,2,94,80
OL-5,Friday,3,94,107
OL-5,Friday,4,102,111
OL-5,Friday,5,193,205
OL-5,Friday,6,657,729
OL-5,Friday,7,1690,2395
OL-5,Friday,8,2353,2866
OL-5,Friday,9,1690,2220
OL-5,Friday,10,657,678
OL-5,Friday,11,193,179
OL-5,Friday,12,102,93
OL-5,Friday,13,119,105
OL-5,Friday,14,242,253
OL-5,Friday,15,657,712
OL-5,Friday,16,1464,1195
OL-5,Friday,17,2231,1474
OL-5,Friday,18,2231,1387
OL-5,Friday,19,1464,1037
OL-5,Friday,20,657,666
OL-5,Friday,21,242,272
OL-5,Friday,22,119,132
OL-5,Friday,23,96,107
OL-6,Friday,0,30,34
OL-6,Friday,1,30,29
OL-6,Friday,2,30,25
OL-6,Friday,3,30,26
OL-6,Friday,4,33,31
OL-6,Friday,5,63,58
OL-6,Friday,6,215,193
OL-6,Friday,7,553,792
OL-6,Friday,8,770,899
OL-6,Friday,9,553,793
OL-6,Friday,10,215,231
OL-6,Friday,11,63,65
OL-6,Friday,12,33,34
OL-6,Friday,13,39,37
OL-6,Friday,14,79,82
OL-6,Friday,15,215,194
OL-6,Friday,16,479,420
OL-6,Friday,17,730,478
OL-6,Friday,18,730,466
OL-6,Friday,19,479,382
OL-6,Friday,20,215,225
OL-6,Friday,21,79,77
OL-6,Friday,22,39,40
OL-6,Friday,23,31,27
OL-7,Friday,0,20,18
OL-7,Friday,1,20,18
OL-7,Friday,2,20,17
OL-7,Friday,3,20,18
OL-7,Friday,4,22,20
OL-7,Friday,5,42,41
OL-7,Friday,6,144,130
OL-7,Friday,7,371,433
OL-7,Friday,8,516,665
OL-7,Friday,9,371,424
OL-7,Friday,10,144,152
OL-7,Friday,11,42,47
OL-7,Friday,12,22,21
OL-7,Friday,13,26,29
OL-7,Friday,14,53,46
OL-7,Friday,15,144,124
OL-7,Friday,16,321,257
OL-7,Friday,17,490,400
OL-7,Friday,18,490,414
OL-7,Friday,19,321,182
OL-7,Friday,20,144,155
OL-7,Friday,21,53,51
OL-7,Friday,22,26,24
OL-7,Friday,23,21,18
OL-8,Friday,0,13,11
OL-8,Friday,1,13,14
OL-8,Friday,2,13,13
OL-8,Friday,3,13,13
OL-8,Friday,4,15,15
OL-8,Friday,5,28,31
OL-8,Friday,6,96,86
OL-8,Friday,7,247,271
OL-8,Friday,8,345,451
OL-8,Friday,9,247,302
OL-8,Friday,10,96,85
OL-8,Friday,11,28,25
OL-8,Friday,12,15,14
OL-8,Friday,13,17,14
OL-8,Friday,14,35,30
OL-8,Friday,15,96,107
OL-8,Friday,16,214,141
OL-8,Friday,17,327,292
OL-8,Friday,18,327,290
OL-8,Friday,19,214,128
OL-8,Friday,20,96,102
OL-8,Friday,21,35,36
OL-8,Friday,22,17,17
OL-8,Friday,23,14,12
OL-9,Friday,0,4,3
OL-9,Friday,1,4,4
OL-9,Friday,2,4,4
OL-9,Friday,3,4,4
OL-9,Friday,4,5,5
OL-9,Friday,5,10,11
OL-9,Friday,6,34,35
OL-9,Friday,7,89,99
OL-9,Friday,8,124,174
OL-9,Friday,9,89,109
OL-9,Friday,10,34,28
OL-9,Friday,11,10,10
OL-9,Friday,12,5,5
OL-9,Friday,13,6,5
OL-9,Friday,14,12,11
OL-9,Friday,15,34,30
OL-9,Friday,16,77,43
OL-9,Friday,17,117,67
OL-9,Friday,18,117,94
OL-9,Friday,19,77,65
OL-9,Friday,20,34,30
OL-9,Friday,21,12,11
OL-9,Friday,22,6,5
OL-9,Friday,23,5,4
BL-1,Friday,0,6,6
BL-1,Friday,1,6,6
BL-1,Friday,2,6,5
BL-1,Friday,3,6,6
BL-1,Friday,4,7,6
BL-1,Friday,5,13,11
BL-1,Friday,6,45,50
BL-1,Friday,7,117,159
BL-1,Friday,8,163,231
BL-1,Friday,9,117,166
BL-1,Friday,10,45,47
BL-1,Friday,11,13,14
BL-1,Friday,12,7,6
BL-1,Friday,13,8,6
BL-1,Friday,14,16,13
BL-1,Friday,15,45,39
BL-1,Friday,16,101,58
BL-1,Friday,17,154,103
BL-1,Friday,18,154,122
BL-1,Friday,19,101,83
BL-1,Friday,20,45,46
BL-1,Friday,21,16,14
BL-1,Friday,22,8,8
BL-1,Friday,23,6,5
BL-2,Friday,0,11,10
BL-2,Friday,1,11,10
BL-2,Friday,2,11,10
BL-2,Friday,3,11,12
BL-2,Friday,4,12,12
BL-2,Friday,5,23,24
BL-2,Friday,6,79,70
BL-2,Friday,7,204,282
BL-2,Friday,8,284,379
BL-2,Friday,9,204,238
BL-2,Friday,10,79,82
BL-2,Friday,11,23,22
BL-2,Friday,12,12,11
BL-2,Friday,13,14,12
BL-2,Friday,14,29,29
BL-2,Friday,15,79,69
BL-2,Friday,16,176,106
BL-2,Friday,17,269,160
BL-2,Friday,18,269,237
BL-2,Friday,19,176,114
BL-2,Friday,20,79,75
BL-2,Friday,21,29,27
BL-2,Friday,22,14,15
BL-2,Friday,23,11,11
BL-3,Friday,0,22,20
BL-3,Friday,1,22,19
BL-3,Friday,2,22,22
BL-3,Friday,3,22,20
BL-3,Friday,4,24,26
BL-3,Friday,5,46,51
BL-3,Friday,6,156,154
BL-3,Friday,7,402,578
BL-3,Friday,8,560,724
BL-3,Friday,9,402,480
BL-3,Friday,10,156,155
BL-3,Friday,11,46,39
BL-3,Friday,12,24,26
BL-3,Friday,13,28,24
BL-3,Friday,14,57,53
BL-3,Friday,15,156,159
BL-3,Friday,16,349,197
BL-3,Friday,17,531,306
BL-3,Friday,18,531,421
BL-3,Friday,19,349,200
BL-3,Friday,20,156,154
BL-3,Friday,21,57,54
BL-3,Friday,22,28,25
BL-3,Friday,23,23,20
BL-4,Friday,0,30,34
BL-4,Friday,1,30,26
BL-4,Friday,2,30,34
BL-4,Friday,3,30,30
BL-4,Friday,4,33,34
BL-4,Friday,5,63,66
BL-4,Friday,6,215,228
BL-4,Friday,7,553,766
BL-4,Friday,8,770,977
BL-4,Friday,9,553,711
BL-4,Friday,10,215,203
BL-4,Friday,11,63,55
BL-4,Friday,12,33,34
BL-4,Friday,13,39,33
BL-4,Friday,14,79,73
BL-4,Friday,15,215,188
BL-4,Friday,16,479,295
BL-4,Friday,17,730,564
BL-4,Friday,18,730,562
BL-4,Friday,19,479,334
BL-4,Friday,20,215,188
BL-4,Friday,21,79,77
BL-4,Friday,22,39,37
BL-4,Friday,23,31,33
BL-5,Friday,0,120,119
BL-5,Friday,1,120,119
BL-5,Friday,2,120,136
BL-5,Friday,3,120,129
BL-5,Friday,4,131,130
BL-5,Friday,5,247,245
BL-5,Friday,6,840,720
BL-5,Friday,7,2159,3087
BL-5,Friday,8,3006,3642
BL-5,Friday,9,2159,2568
BL-5,Friday,10,840,965
BL-5,Friday,11,247,263
BL-5,Friday,12,131,113
BL-5,Friday,13,152,132
BL-5,Friday,14,309,265
BL-5,Friday,15,840,865
BL-5,Friday,16,1870,1075
BL-5,Friday,17,2850,2498
BL-5,Friday,18,2850,2502
BL-5,Friday,19,1870,1385
BL-5,Friday,20,840,869
BL-5,Friday,21,309,289
BL-5,Friday,22,152,132
BL-5,Friday,23,123,131
BL-6,Friday,0,23,20
BL-6,Friday,1,23,21
BL-6,Friday,2,23,19
BL-6,Friday,3,23,22
BL-6,Friday,4,25,26
BL-6,Friday,5,47,51
BL-6,Friday,6,162,167
BL-6,Friday,7,418,583
BL-6,Friday,8,582,723
BL-6,Friday,9,418,583
BL-6,Friday,10,162,162
BL-6,Friday,11,47,43
BL-6,Friday,12,25,28
BL-6,Friday,13,29,27
BL-6,Friday,14,60,51
BL-6,Friday,15,162,149
BL-6,Friday,16,362,245
BL-6,Friday,17,552,371
BL-6,Friday,18,552,404
BL-6,Friday,19,362,310
BL-6,Friday,20,162,151
BL-6,Friday,21,60,60
BL-6,Friday,22,29,27
BL-6,Friday,23,23,25
BL-7,Friday,0,16,14
BL-7,Friday,1,16,16
BL-7,Friday,2,16,16
BL-7,Friday,3,16,17
BL-7,Friday,4,18,18
BL-7,Friday,5,34,36
BL-7,Friday,6,116,112
BL-7,Friday,7,300,333
BL-7,Friday,8,418,476
BL-7,Friday,9,300,334
BL-7,Friday,10,116,110
BL-7,Friday,11,34,33
BL-7,Friday,12,18,17
BL-7,Friday,13,21,21
BL-7,Friday,14,43,42
BL-7,Friday,15,116,122
BL-7,Friday,16,260,203
BL-7,Friday,17,396,261
BL-7,Friday,18,396,265
BL-7,Friday,19,260,196
BL-7,Friday,20,116,119
BL-7,Friday,21,43,40
BL-7,Friday,22,21,19
BL-7,Friday,23,17,17
BL-8,Friday,0,11,9
BL-8,Friday,1,11,10
BL-8,Friday,2,11,12
BL-8,Friday,3,11,9
BL-8,Friday,4,12,13
BL-8,Friday,5,22,19
BL-8,Friday,6,77,77
BL-8,Friday,7,199,248
BL-8,Friday,8,277,305
BL-8,Friday,9,199,282
BL-8,Friday,10,77,75
BL-8,Friday,11,22,24
BL-8,Friday,12,12,11
BL-8,Friday,13,14,15
BL-8,Friday,14,28,31
BL-8,Friday,15,77,78
BL-8,Friday,16,172,106
BL-8,Friday,17,263,207
BL-8,Friday,18,263,195
BL-8,Friday,19,172,151
BL-8,Friday,20,77,75
BL-8,Friday,21,28,26
BL-8,Friday,22,14,12
BL-8,Friday,23,11,11
BL-9,Friday,0,5,4
BL-9,Friday,1,5,5
BL-9,Friday,2,5,5
BL-9,Friday,3,5,4
BL-9,Friday,4,5,4
BL-9,Friday,5,11,11
BL-9,Friday,6,37,38
BL-9,Friday,7,96,107
BL-9,Friday,8,134,186
BL-9,Friday,9,96,123
BL-9,Friday,10,37,41
BL-9,Friday,11,11,12
BL-9,Friday,12,5,5
BL-9,Friday,13,6,6
BL-9,Friday,14,13,12
BL-9,Friday,15,37,37
BL-9,Friday,16,83,48
BL-9,Friday,17,127,99
BL-9,Friday,18,127,75
BL-9,Friday,19,83,60
BL-9,Friday,20,37,32
BL-9,Friday,21,13,12
BL-9,Friday,22,6,5
BL-9,Friday,23,5,5
OL-1,Saturday,0,1,0
OL-1,Saturday,1,1,1
OL-1,Saturday,2,1,1
OL-1,Saturday,3,1,0
OL-1,Saturday,4,1,1
OL-1,Saturday,5,1,0
OL-1,Saturday,6,19,17
OL-1,Saturday,7,19,24
OL-1,Saturday,8,19,21
OL-1,Saturday,9,19,26
OL-1,Saturday,10,43,48
OL-1,Saturday,11,56,61
OL-1,Saturday,12,67,68
OL-1,Saturday,13,75,76
OL-1,Saturday,14,78,89
OL-1,Saturday,15,75,69
OL-1,Saturday,16,67,38
OL-1,Saturday,17,56,41
OL-1,Saturday,18,43,28
OL-1,Saturday,19,19,12
OL-1,Saturday,20,19,16
OL-1,Saturday,21,19,19
OL-1,Saturday,22,19,17
OL-1,Saturday,23,1,0
OL-2,Saturday,0,1,0
OL-2,Saturday,1,1,1
OL-2,Saturday,2,1,0
OL-2,Saturday,3,1,1
OL-2,Saturday,4,1,1
OL-2,Saturday,5,1,0
OL-2,Saturday,6,32,35
OL-2,Saturday,7,32,42
OL-2,Saturday,8,32,41
OL-2,Saturday,9,32,35
OL-2,Saturday,10,71,61
OL-2,Saturday,11,94,107
OL-2,Saturday,12,113,122
OL-2,Saturday,13,125,141
OL-2,Saturday,14,130,145
OL-2,Saturday,15,125,107
OL-2,Saturday,16,113,93
OL-2,Saturday,17,94,66
OL-2,Saturday,18,71,58
OL-2,Saturday,19,32,17
OL-2,Saturday,20,32,29
OL-2,Saturday,21,32,34
OL-2,Saturday,22,32,34
OL-2,Saturday,23,1,1
OL-3,Saturday,0,3,2
OL-3,Saturday,1,3,3
OL-3,Saturday,2,3,2
OL-3,Saturday,3,3,2
OL-3,Saturday,4,3,3
OL-3,Saturday,5,3,2
OL-3,Saturday,6,55,55
OL-3,Saturday,7,55,68
OL-3,Saturday,8,55,76
OL-3,Saturday,9,55,77
OL-3,Saturday,10,121,136
OL-3,Saturday,11,160,163
OL-3,Saturday,12,192,188
OL-3,Saturday,13,214,227
OL-3,Saturday,14,221,243
OL-3,Saturday,15,214,218
OL-3,Saturday,16,192,152
OL-3,Saturday,17,160,129
OL-3,Saturday,18,121,95
OL-3,Saturday,19,55,44
OL-3,Saturday,20,55,50
OL-3,Saturday,21,55,54
OL-3,Saturday,22,55,56
OL-3,Saturday,23,3,2
OL-4,Saturday,0,5,5
OL-4,Saturday,1,5,4
OL-4,Saturday,2,5,5
OL-4,Saturday,3,5,5
OL-4,Saturday,4,5,5
OL-4,Saturday,5,5,4
OL-4,Saturday,6,90,99
OL-4,Saturday,7,90,112
OL-4,Saturday,8,90,116
OL-4,Saturday,9,90,99
OL-4,Saturday,10,198,206
OL-4,Saturday,11,260,277
OL-4,Saturday,12,313,319
OL-4,Saturday,13,348,347
OL-4,Saturday,14,361,394
OL-4,Saturday,15,348,366
OL-4,Saturday,16,313,202
OL-4,Saturday,17,260,230
OL-4,Saturday,18,198,157
OL-4,Saturday,19,90,80
OL-4,Saturday,20,90,102
OL-4,Saturday,21,90,101
OL-4,Saturday,22,90,96
OL-4,Saturday,23,5,5
OL-5,Saturday,0,17,17
OL-5,Saturday,1,17,18
OL-5,Saturday,2,17,17
OL-5,Saturday,3,17,18
OL-5,Saturday,4,17,15
OL-5,Saturday,5,17,16
OL-5,Saturday,6,291,291
OL-5,Saturday,7,291,364
OL-5,Saturday,8,291,331
OL-5,Saturday,9,291,335
OL-5,Saturday,10,640,704
OL-5,Saturday,11,841,837
OL-5,Saturday,12,1011,874
OL-5,Saturday,13,1124,960
OL-5,Saturday,14,1164,1154
OL-5,Saturday,15,1124,1010
OL-5,Saturday,16,1011,805
OL-5,Saturday,17,841,696
OL-5,Saturday,18,640,403
OL-5,Saturday,19,291,220
OL-5,Saturday,20,291,260
OL-5,Saturday,21,291,273
OL-5,Saturday,22,291,324
OL-5,Saturday,23,17,17
OL-6,Saturday,0,5,4
OL-6,Saturday,1,5,4
OL-6,Saturday,2,5,4
OL-6,Saturday,3,5,4
OL-6,Saturday,4,5,5
OL-6,Saturday,5,5,4
OL-6,Saturday,6,96,106
OL-6,Saturday,7,96,134
OL-6,Saturday,8,96,124
OL-6,Saturday,9,96,117
OL-6,Saturday,10,211,212
OL-6,Saturday,11,278,260
OL-6,Saturday,12,334,363
OL-6,Saturday,13,372,371
OL-6,Saturday,14,385,434
OL-6,Saturday,15,372,385
OL-6,Saturday,16,334,243
OL-6,Saturday,17,278,222
OL-6,Saturday,18,211,153
OL-6,Saturday,19,96,83
OL-6,Saturday,20,96,86
OL-6,Saturday,21,96,109
OL-6,Saturday,22,96,104
OL-6,Saturday,23,5,5
OL-7,Saturday,0,3,3
OL-7,Saturday,1,3,2
OL-7,Saturday,2,3,3
OL-7,Saturday,3,3,2
OL-7,Saturday,4,3,2
OL-7,Saturday,5,3,2
OL-7,Saturday,6,61,57
OL-7,Saturday,7,61,75
OL-7,Saturday,8,61,84
OL-7,Saturday,9,61,72
OL-7,Saturday,10,134,143
OL-7,Saturday,11,177,154
OL-7,Saturday,12,212,228
OL-7,Saturday,13,236,256
OL-7,Saturday,14,245,237
OL-7,Saturday,15,236,251
OL-7,Saturday,16,212,184
OL-7,Saturday,17,177,146
OL-7,Saturday,18,134,92
OL-7,Saturday,19,61,43
OL-7,Saturday,20,61,66
OL-7,Saturday,21,61,57
OL-7,Saturday,22,61,66
OL-7,Saturday,23,3,2
OL-8,Saturday,0,2,1
OL-8,Saturday,1,2,1
OL-8,Saturday,2,2,2
OL-8,Saturday,3,2,2
OL-8,Saturday,4,2,2
OL-8,Saturday,5,2,2
OL-8,Saturday,6,41,40
OL-8,Saturday,7,41,49
OL-8,Saturday,8,41,46
OL-8,Saturday,9,41,52
OL-8,Saturday,10,90,82
OL-8,Saturday,11,118,133
OL-8,Saturday,12,142,120
OL-8,Saturday,13,158,141
OL-8,Saturday,14,164,151
OL-8,Saturday,15,158,143
OL-8,Saturday,16,142,89
OL-8,Saturday,17,118,91
OL-8,Saturday,18,90,59
OL-8,Saturday,19,41,31
OL-8,Saturday,20,41,45
OL-8,Saturday,21,41,42
OL-8,Saturday,22,41,43
OL-8,Saturday,23,2,1
OL-9,Saturday,0,0,0
OL-9,Saturday,1,0,0
OL-9,Saturday,2,0,0
OL-9,Saturday,3,0,0
OL-9,Saturday,4,0,0
OL-9,Saturday,5,0,0
OL-9,Saturday,6,15,15
OL-9,Saturday,7,15,19
OL-9,Saturday,8,15,21
OL-9,Saturday,9,15,20
OL-9,Saturday,10,33,34
OL-9,Saturday,11,44,39
OL-9,Saturday,12,53,46
OL-9,Saturday,13,59,67
OL-9,Saturday,14,61,62
OL-9,Saturday,15,59,57
OL-9,Saturday,16,53,40
OL-9,Saturday,17,44,25
OL-9,Saturday,18,33,27
OL-9,Saturday,19,15,9
OL-9,Saturday,20,15,16
OL-9,Saturday,21,15,15
OL-9,Saturday,22,15,13
OL-9,Saturday,23,0,0
BL-1,Saturday,0,1,0
BL-1,Saturday,1,1,0
BL-1,Saturday,2,1,1
BL-1,Saturday,3,1,0
BL-1,Saturday,4,1,0
BL-1,Saturday,5,1,0
BL-1,Saturday,6,21,23
BL-1,Saturday,7,21,25
BL-1,Saturday,8,21,24
BL-1,Saturday,9,21,25
BL-1,Saturday,10,47,42
BL-1,Saturday,11,62,58
BL-1,Saturday,12,74,64
BL-1,Saturday,13,82,73
BL-1,Saturday,14,85,82
BL-1,Saturday,15,82,91
BL-1,Saturday,16,74,42
BL-1,Saturday,17,62,38
BL-1,Saturday,18,47,40
BL-1,Saturday,19,21,18
BL-1,Saturday,20,21,22
BL-1,Saturday,21,21,19
BL-1,Saturday,22,21,20
BL-1,Saturday,23,1,0
BL-2,Saturday,0,2,1
BL-2,Saturday,1,2,2
BL-2,Saturday,2,2,1
BL-2,Saturday,3,2,2
BL-2,Saturday,4,2,1
BL-2,Saturday,5,2,1
BL-2,Saturday,6,36,39
BL-2,Saturday,7,36,50
BL-2,Saturday,8,36,43
BL-2,Saturday,9,36,46
BL-2,Saturday,10,80,74
BL-2,Saturday,11,105,90
BL-2,Saturday,12,126,134
BL-2,Saturday,13,140,126
BL-2,Saturday,14,145,141
BL-2,Saturday,15,140,139
BL-2,Saturday,16,126,77
BL-2,Saturday,17,105,61
BL-2,Saturday,18,80,53
BL-2,Saturday,19,36,31
BL-2,Saturday,20,36,37
BL-2,Saturday,21,36,34
BL-2,Saturday,22,36,31
BL-2,Saturday,23,2,2
BL-3,Saturday,0,3,3
BL-3,Saturday,1,3,3
BL-3,Saturday,2,3,2
BL-3,Saturday,3,3,2
BL-3,Saturday,4,3,2
BL-3,Saturday,5,3,2
BL-3,Saturday,6,57,55
BL-3,Saturday,7,57,80
BL-3,Saturday,8,57,67
BL-3,Saturday,9,57,74
BL-3,Saturday,10,125,131
BL-3,Saturday,11,164,142
BL-3,Saturday,12,198,177
BL-3,Saturday,13,220,208
BL-3,Saturday,14,228,239
BL-3,Saturday,15,220,215
BL-3,Saturday,16,198,159
BL-3,Saturday,17,164,140
BL-3,Saturday,18,125,101
BL-3,Saturday,19,57,51
BL-3,Saturday,20,57,61
BL-3,Saturday,21,57,63
BL-3,Saturday,22,57,62
BL-3,Saturday,23,3,3
BL-4,Saturday,0,5,5
BL-4,Saturday,1,5,4
BL-4,Saturday,2,5,5
BL-4,Saturday,3,5,5
BL-4,Saturday,4,5,5
BL-4,Saturday,5,5,4
BL-4,Saturday,6,96,105
BL-4,Saturday,7,96,132
BL-4,Saturday,8,96,137
BL-4,Saturday,9,96,113
BL-4,Saturday,10,211,224
BL-4,Saturday,11,278,299
BL-4,Saturday,12,334,377
BL-4,Saturday,13,372,417
BL-4,Saturday,14,385,393
BL-4,Saturday,15,372,380
BL-4,Saturday,16,334,203
BL-4,Saturday,17,278,247
BL-4,Saturday,18,211,134
BL-4,Saturday,19,96,77
BL-4,Saturday,20,96,104
BL-4,Saturday,21,96,94
BL-4,Saturday,22,96,87
BL-4,Saturday,23,5,4
BL-5,Saturday,0,23,23
BL-5,Saturday,1,23,20
BL-5,Saturday,2,23,24
BL-5,Saturday,3,23,21
BL-5,Saturday,4,23,25
BL-5,Saturday,5,23,21
BL-5,Saturday,6,397,361
BL-5,Saturday,7,397,448
BL-5,Saturday,8,397,507
BL-5,Saturday,9,397,499
BL-5,Saturday,10,874,939
BL-5,Saturday,11,1147,1134
BL-5,Saturday,12,1379,1314
BL-5,Saturday,13,1534,1424
BL-5,Saturday,14,1589,1483
BL-5,Saturday,15,1534,1730
BL-5,Saturday,16,1379,838
BL-5,Saturday,17,1147,1027
BL-5,Saturday,18,874,580
BL-5,Saturday,19,397,230
BL-5,Saturday,20,397,367
BL-5,Saturday,21,397,344
BL-5,Saturday,22,397,431
BL-5,Saturday,23,23,23
BL-6,Saturday,0,4,4
BL-6,Saturday,1,4,4
BL-6,Saturday,2,4,4
BL-6,Saturday,3,4,4
BL-6,Saturday,4,4,4
BL-6,Saturday,5,4,4
BL-6,Saturday,6,76,82
BL-6,Saturday,7,76,96
BL-6,Saturday,8,76,102
BL-6,Saturday,9,76,85
BL-6,Saturday,10,168,181
BL-6,Saturday,11,221,251
BL-6,Saturday,12,266,232
BL-6,Saturday,13,296,325
BL-6,Saturday,14,306,345
BL-6,Saturday,15,296,271
BL-6,Saturday,16,266,195
BL-6,Saturday,17,221,193
BL-6,Saturday,18,168,148
BL-6,Saturday,19,76,45
BL-6,Saturday,20,76,72
BL-6,Saturday,21,76,80
BL-6,Saturday,22,76,69
BL-6,Saturday,23,4,3
BL-7,Saturday,0,3,2
BL-7,Saturday,1,3,3
BL-7,Saturday,2,3,3
BL-7,Saturday,3,3,3
BL-7,Saturday,4,3,3
BL-7,Saturday,5,3,2
BL-7,Saturday,6,50,46
BL-7,Saturday,7,50,55
BL-7,Saturday,8,50,58
BL-7,Saturday,9,50,60
BL-7,Saturday,10,110,99
BL-7,Saturday,11,144,123
BL-7,Saturday,12,173,155
BL-7,Saturday,13,193,202
BL-7,Saturday,14,200,207
BL-7,Saturday,15,193,218
BL-7,Saturday,16,173,143
BL-7,Saturday,17,144,107
BL-7,Saturday,18,110,65
BL-7,Saturday,19,50,37
BL-7,Saturday,20,50,43
BL-7,Saturday,21,50,48
BL-7,Saturday,22,50,48
BL-7,Saturday,23,3,2
BL-8,Saturday,0,1,1
BL-8,Saturday,1,1,1
BL-8,Saturday,2,1,1
BL-8,Saturday,3,1,1
BL-8,Saturday,4,1,1
BL-8,Saturday,5,1,0
BL-8,Saturday,6,31,33
BL-8,Saturday,7,31,40
BL-8,Saturday,8,31,37
BL-8,Saturday,9,31,37
BL-8,Saturday,10,69,78
BL-8,Saturday,11,91,94
BL-8,Saturday,12,109,108
BL-8,Saturday,13,121,125
BL-8,Saturday,14,126,122
BL-8,Saturday,15,121,119
BL-8,Saturday,16,109,71
BL-8,Saturday,17,91,64
BL-8,Saturday,18,69,54
BL-8,Saturday,19,31,17
BL-8,Saturday,20,31,33
BL-8,Saturday,21,31,28
BL-8,Saturday,22,31,32
BL-8,Saturday,23,1,1
BL-9,Saturday,0,0,0
BL-9,Saturday,1,0,0
BL-9,Saturday,2,0,0
BL-9,Saturday,3,0,0
BL-9,Saturday,4,0,0
BL-9,Saturday,5,0,0
BL-9,Saturday,6,15,14
BL-9,Saturday,7,15,18
BL-9,Saturday,8,15,17
BL-9,Saturday,9,15,18
BL-9,Saturday,10,34,32
BL-9,Saturday,11,44,45
BL-9,Saturday,12,53,48
BL-9,Saturday,13,59,64
BL-9,Saturday,14,62,60
BL-9,Saturday,15,59,62
BL-9,Saturday,16,53,30
BL-9,Saturday,17,44,31
BL-9,Saturday,18,34,19
BL-9,Saturday,19,15,11
BL-9,Saturday,20,15,14
BL-9,Saturday,21,15,17
BL-9,Saturday,22,15,14
BL-9,Saturday,23,0,0
OL-1,Sunday,0,1,1
OL-1,Sunday,1,1,0
OL-1,Sunday,2,1,0
OL-1,Sunday,3,1,0
OL-1,Sunday,4,1,0
OL-1,Sunday,5,1,0
OL-1,Sunday,6,17,19
OL-1,Sunday,7,17,21
OL-1,Sunday,8,17,18
OL-1,Sunday,9,17,24
OL-1,Sunday,10,37,31
OL-1,Sunday,11,49,47
OL-1,Sunday,12,59,62
OL-1,Sunday,13,66,74
OL-1,Sunday,14,68,72
OL-1,Sunday,15,66,65
OL-1,Sunday,16,59,52
OL-1,Sunday,17,49,27
OL-1,Sunday,18,37,33
OL-1,Sunday,19,17,14
OL-1,Sunday,20,17,19
OL-1,Sunday,21,17,15
OL-1,Sunday,22,17,15
OL-1,Sunday,23,1,1
OL-2,Sunday,0,2,2
OL-2,Sunday,1,2,2
OL-2,Sunday,2,2,2
OL-2,Sunday,3,2,1
OL-2,Sunday,4,2,1
OL-2,Sunday,5,2,1
OL-2,Sunday,6,36,32
OL-2,Sunday,7,36,41
OL-2,Sunday,8,36,49
OL-2,Sunday,9,36,48
OL-2,Sunday,10,80,80
OL-2,Sunday,11,106,102
OL-2,Sunday,12,127,133
OL-2,Sunday,13,141,154
OL-2,Sunday,14,146,162
OL-2,Sunday,15,141,142
OL-2,Sunday,16,127,106
OL-2,Sunday,17,106,77
OL-2,Sunday,18,80,57
OL-2,Sunday,19,36,30
OL-2,Sunday,20,36,34
OL-2,Sunday,21,36,34
OL-2,Sunday,22,36,33
OL-2,Sunday,23,2,2
OL-3,Sunday,0,3,3
OL-3,Sunday,1,3,2
OL-3,Sunday,2,3,2
OL-3,Sunday,3,3,3
OL-3,Sunday,4,3,2
OL-3,Sunday,5,3,3
OL-3,Sunday,6,58,52
OL-3,Sunday,7,58,75
OL-3,Sunday,8,58,74
OL-3,Sunday,9,58,80
OL-3,Sunday,10,129,115
OL-3,Sunday,11,170,190
OL-3,Sunday,12,204,205
OL-3,Sunday,13,227,232
OL-3,Sunday,14,235,235
OL-3,Sunday,15,227,195
OL-3,Sunday,16,204,147
OL-3,Sunday,17,170,109
OL-3,Sunday,18,129,86
OL-3,Sunday,19,58,45
OL-3,Sunday,20,58,57
OL-3,Sunday,21,58,50
OL-3,Sunday,22,58,50
OL-3,Sunday,23,3,2
OL-4,Sunday,0,4,4
OL-4,Sunday,1,4,3
OL-4,Sunday,2,4,4
OL-4,Sunday,3,4,3
OL-4,Sunday,4,4,3
OL-4,Sunday,5,4,4
OL-4,Sunday,6,77,72
OL-4,Sunday,7,77,96
OL-4,Sunday,8,77,110
OL-4,Sunday,9,77,110
OL-4,Sunday,10,169,179
OL-4,Sunday,11,222,193
OL-4,Sunday,12,267,274
OL-4,Sunday,13,297,340
OL-4,Sunday,14,308,349
OL-4,Sunday,15,297,261
OL-4,Sunday,16,267,183
OL-4,Sunday,17,222,146
OL-4,Sunday,18,169,100
OL-4,Sunday,19,77,61
OL-4,Sunday,20,77,71
OL-4,Sunday,21,77,73
OL-4,Sunday,22,77,67
OL-4,Sunday,23,4,3
OL-5,Sunday,0,17,16
OL-5,Sunday,1,17,15
OL-5,Sunday,2,17,19
OL-5,Sunday,3,17,15
OL-5,Sunday,4,17,17
OL-5,Sunday,5,17,15
OL-5,Sunday,6,290,253
OL-5,Sunday,7,290,339
OL-5,Sunday,8,290,324
OL-5,Sunday,9,290,333
OL-5,Sunday,10,638,636
OL-5,Sunday,11,838,876
OL-5,Sunday,12,1007,882
OL-5,Sunday,13,1120,1100
OL-5,Sunday,14,1160,1188
OL-5,Sunday,15,1120,1030
OL-5,Sunday,16,1007,684
OL-5,Sunday,17,838,481
OL-5,Sunday,18,638,400
OL-5,Sunday,19,290,206
OL-5,Sunday,20,290,332
OL-5,Sunday,21,290,333
OL-5,Sunday,22,290,331
OL-5,Sunday,23,17,16
OL-6,Sunday,0,4,3
OL-6,Sunday,1,4,3
OL-6,Sunday,2,4,3
OL-6,Sunday,3,4,3
OL-6,Sunday,4,4,3
OL-6,Sunday,5,4,3
OL-6,Sunday,6,79,71
OL-6,Sunday,7,79,106
OL-6,Sunday,8,79,96
OL-6,Sunday,9,79,110
OL-6,Sunday,10,174,160
OL-6,Sunday,11,229,231
OL-6,Sunday,12,275,248
OL-6,Sunday,13,306,305
OL-6,Sunday,14,317,283
OL-6,Sunday,15,306,274
OL-6,Sunday,16,275,210
OL-6,Sunday,17,229,147
OL-6,Sunday,18,174,106
OL-6,Sunday,19,79,69
OL-6,Sunday,20,79,68
OL-6,Sunday,21,79,80
OL-6,Sunday,22,79,80
OL-6,Sunday,23,4,3
OL-7,Sunday,0,3,2
OL-7,Sunday,1,3,3
OL-7,Sunday,2,3,2
OL-7,Sunday,3,3,2
OL-7,Sunday,4,3,2
OL-7,Sunday,5,3,3
OL-7,Sunday,6,60,65
OL-7,Sunday,7,60,85
OL-7,Sunday,8,60,79
OL-7,Sunday,9,60,79
OL-7,Sunday,10,133,132
OL-7,Sunday,11,175,196
OL-7,Sunday,12,211,211
OL-7,Sunday,13,235,224
OL-7,Sunday,14,243,253
OL-7,Sunday,15,235,238
OL-7,Sunday,16,211,125
OL-7,Sunday,17,175,120
OL-7,Sunday,18,133,87
OL-7,Sunday,19,60,50
OL-7,Sunday,20,60,57
OL-7,Sunday,21,60,65
OL-7,Sunday,22,60,58
OL-7,Sunday,23,3,3
OL-8,Sunday,0,2,2
OL-8,Sunday,1,2,1
OL-8,Sunday,2,2,1
OL-8,Sunday,3,2,1
OL-8,Sunday,4,2,1
OL-8,Sunday,5,2,1
OL-8,Sunday,6,34,36
OL-8,Sunday,7,34,48
OL-8,Sunday,8,34,45
OL-8,Sunday,9,34,43
OL-8,Sunday,10,76,74
OL-8,Sunday,11,100,109
OL-8,Sunday,12,121,133
OL-8,Sunday,13,134,125
OL-8,Sunday,14,139,157
OL-8,Sunday,15,134,129
OL-8,Sunday,16,121,100
OL-8,Sunday,17,100,88
OL-8,Sunday,18,76,60
OL-8,Sunday,19,34,20
OL-8,Sunday,20,34,34
OL-8,Sunday,21,34,30
OL-8,Sunday,22,34,36
OL-8,Sunday,23,2,1
OL-9,Sunday,0,1,1
OL-9,Sunday,1,1,0
OL-9,Sunday,2,1,0
OL-9,Sunday,3,1,1
OL-9,Sunday,4,1,0
OL-9,Sunday,5,1,0
OL-9,Sunday,6,17,14
OL-9,Sunday,7,17,21
OL-9,Sunday,8,17,22
OL-9,Sunday,9,17,22
OL-9,Sunday,10,38,34
OL-9,Sunday,11,50,49
OL-9,Sunday,12,60,57
OL-9,Sunday,13,67,62
OL-9,Sunday,14,69,73
OL-9,Sunday,15,67,63
OL-9,Sunday,16,60,44
OL-9,Sunday,17,50,43
OL-9,Sunday,18,38,28
OL-9,Sunday,19,17,13
OL-9,Sunday,20,17,14
OL-9,Sunday,21,17,15
OL-9,Sunday,22,17,14
OL-9,Sunday,23,1,1
BL-1,Sunday,0,1,0
BL-1,Sunday,1,1,0
BL-1,Sunday,2,1,0
BL-1,Sunday,3,1,1
BL-1,Sunday,4,1,1
BL-1,Sunday,5,1,1
BL-1,Sunday,6,21,23
BL-1,Sunday,7,21,25
BL-1,Sunday,8,21,27
BL-1,Sunday,9,21,27
BL-1,Sunday,10,47,44
BL-1,Sunday,11,62,69
BL-1,Sunday,12,74,65
BL-1,Sunday,13,83,88
BL-1,Sunday,14,86,91
BL-1,Sunday,15,83,93
BL-1,Sunday,16,74,54
BL-1,Sunday,17,62,41
BL-1,Sunday,18,47,39
BL-1,Sunday,19,21,17
BL-1,Sunday,20,21,21
BL-1,Sunday,21,21,22
BL-1,Sunday,22,21,19
BL-1,Sunday,23,1,1
BL-2,Sunday,0,2,1
BL-2,Sunday,1,2,1
BL-2,Sunday,2,2,2
BL-2,Sunday,3,2,2
BL-2,Sunday,4,2,2
BL-2,Sunday,5,2,1
BL-2,Sunday,6,43,49
BL-2,Sunday,7,43,49
BL-2,Sunday,8,43,55
BL-2,Sunday,9,43,54
BL-2,Sunday,10,95,103
BL-2,Sunday,11,125,140
BL-2,Sunday,12,150,160
BL-2,Sunday,13,167,173
BL-2,Sunday,14,173,169
BL-2,Sunday,15,167,167
BL-2,Sunday,16,150,109
BL-2,Sunday,17,125,69
BL-2,Sunday,18,95,68
BL-2,Sunday,19,43,36
BL-2,Sunday,20,43,45
BL-2,Sunday,21,43,46
BL-2,Sunday,22,43,41
BL-2,Sunday,23,2,2
BL-3,Sunday,0,3,2
BL-3,Sunday,1,3,2
BL-3,Sunday,2,3,2
BL-3,Sunday,3,3,2
BL-3,Sunday,4,3,3
BL-3,Sunday,5,3,2
BL-3,Sunday,6,56,54
BL-3,Sunday,7,56,66
BL-3,Sunday,8,56,72
BL-3,Sunday,9,56,70
BL-3,Sunday,10,123,122
BL-3,Sunday,11,162,165
BL-3,Sunday,12,194,165
BL-3,Sunday,13,216,242
BL-3,Sunday,14,224,195
BL-3,Sunday,15,216,212
BL-3,Sunday,16,194,120
BL-3,Sunday,17,162,118
BL-3,Sunday,18,123,79
BL-3,Sunday,19,56,47
BL-3,Sunday,20,56,54
BL-3,Sunday,21,56,58
BL-3,Sunday,22,56,51
BL-3,Sunday,23,3,2
BL-4,Sunday,0,5,5
BL-4,Sunday,1,5,4
BL-4,Sunday,2,5,5
BL-4,Sunday,3,5,5
BL-4,Sunday,4,5,5
BL-4,Sunday,5,5,4
BL-4,Sunday,6,87,94
BL-4,Sunday,7,87,112
BL-4,Sunday,8,87,114
BL-4,Sunday,9,87,125
BL-4,Sunday,10,193,201
BL-4,Sunday,11,253,283
BL-4,Sunday,12,304,324
BL-4,Sunday,13,339,301
BL-4,Sunday,14,351,371
BL-4,Sunday,15,339,337
BL-4,Sunday,16,304,264
BL-4,Sunday,17,253,210
BL-4,Sunday,18,193,113
BL-4,Sunday,19,87,51
BL-4,Sunday,20,87,75
BL-4,Sunday,21,87,86
BL-4,Sunday,22,87,76
BL-4,Sunday,23,5,5
BL-5,Sunday,0,22,24
BL-5,Sunday,1,22,20
BL-5,Sunday,2,22,22
BL-5,Sunday,3,22,19
BL-5,Sunday,4,22,24
BL-5,Sunday,5,22,19
BL-5,Sunday,6,370,325
BL-5,Sunday,7,370,433
BL-5,Sunday,8,370,511
BL-5,Sunday,9,370,420
BL-5,Sunday,10,815,842
BL-5,Sunday,11,1070,1149
BL-5,Sunday,12,1286,1382
BL-5,Sunday,13,1431,1297
BL-5,Sunday,14,1482,1287
BL-5,Sunday,15,1431,1409
BL-5,Sunday,16,1286,798
BL-5,Sunday,17,1070,850
BL-5,Sunday,18,815,549
BL-5,Sunday,19,370,261
BL-5,Sunday,20,370,327
BL-5,Sunday,21,370,377
BL-5,Sunday,22,370,335
BL-5,Sunday,23,22,23
BL-6,Sunday,0,4,4
BL-6,Sunday,1,4,4
BL-6,Sunday,2,4,3
BL-6,Sunday,3,4,3
BL-6,Sunday,4,4,3
BL-6,Sunday,5,4,3
BL-6,Sunday,6,71,65
BL-6,Sunday,7,71,99
BL-6,Sunday,8,71,93
BL-6,Sunday,9,71,82
BL-6,Sunday,10,157,159
BL-6,Sunday,11,206,190
BL-6,Sunday,12,248,283
BL-6,Sunday,13,276,237
BL-6,Sunday,14,286,305
BL-6,Sunday,15,276,298
BL-6,Sunday,16,248,142
BL-6,Sunday,17,206,125
BL-6,Sunday,18,157,107
BL-6,Sunday,19,71,60
BL-6,Sunday,20,71,71
BL-6,Sunday,21,71,74
BL-6,Sunday,22,71,77
BL-6,Sunday,23,4,4
BL-7,Sunday,0,3,3
BL-7,Sunday,1,3,3
BL-7,Sunday,2,3,2
BL-7,Sunday,3,3,3
BL-7,Sunday,4,3,2
BL-7,Sunday,5,3,2
BL-7,Sunday,6,56,61
BL-7,Sunday,7,56,68
BL-7,Sunday,8,56,64
BL-7,Sunday,9,56,65
BL-7,Sunday,10,123,124
BL-7,Sunday,11,162,178
BL-7,Sunday,12,195,169
BL-7,Sunday,13,217,186
BL-7,Sunday,14,224,221
BL-7,Sunday,15,217,246
BL-7,Sunday,16,195,126
BL-7,Sunday,17,162,143
BL-7,Sunday,18,123,105
BL-7,Sunday,19,56,36
BL-7,Sunday,20,56,61
BL-7,Sunday,21,56,59
BL-7,Sunday,22,56,56
BL-7,Sunday,23,3,2
BL-8,Sunday,0,2,2
BL-8,Sunday,1,2,2
BL-8,Sunday,2,2,2
BL-8,Sunday,3,2,1
BL-8,Sunday,4,2,2
BL-8,Sunday,5,2,2
BL-8,Sunday,6,35,31
BL-8,Sunday,7,35,39
BL-8,Sunday,8,35,43
BL-8,Sunday,9,35,48
BL-8,Sunday,10,78,73
BL-8,Sunday,11,103,109
BL-8,Sunday,12,124,105
BL-8,Sunday,13,138,132
BL-8,Sunday,14,143,147
BL-8,Sunday,15,138,122
BL-8,Sunday,16,124,107
BL-8,Sunday,17,103,62
BL-8,Sunday,18,78,67
BL-8,Sunday,19,35,21
BL-8,Sunday,20,35,40
BL-8,Sunday,21,35,36
BL-8,Sunday,22,35,30
BL-8,Sunday,23,2,1
BL-9,Sunday,0,0,0
BL-9,Sunday,1,0,0
BL-9,Sunday,2,0,0
BL-9,Sunday,3,0,0
BL-9,Sunday,4,0,0
BL-9,Sunday,5,0,0
BL-9,Sunday,6,13,13
BL-9,Sunday,7,13,16
BL-9,Sunday,8,13,17
BL-9,Sunday,9,13,18
BL-9,Sunday,10,29,27
BL-9,Sunday,11,38,32
BL-9,Sunday,12,46,40
BL-9,Sunday,13,51,51
BL-9,Sunday,14,53,50
BL-9,Sunday,15,51,57
BL-9,Sunday,16,46,35
BL-9,Sunday,17,38,27
BL-9,Sunday,18,29,24
BL-9,Sunday,19,13,8
BL-9,Sunday,20,13,14
BL-9,Sunday,21,13,11
BL-9,Sunday,22,13,13
BL-9,Sunday,23,0,0
